report_date,property_id,property_name,unit_type,excluded_units,rentable_units,occupied_units,available_units,avg_market_rent,avg_budgeted_rent,avg_advertised_rate,avg_scheduled_rent,avg_actual_charges,avg_scheduled_charges,current_preleased_new_count,prior_preleased_new_count,current_preleased_renewal_count,prior_preleased_renewal_count,current_preleased_total_count,prior_preleased_total_count,current_preleased_percent,prior_preleased_percent,variance
2025-02-11,739076,1008 S. 4th,B1,0,8,8,8,0,223.25,1000,1006.875,0,1006.875,0,0,0,0,0,0,0,0,0
2025-02-11,739076,1008 S. 4th,B2,0,8,8,8,0,0,1000,1025,0,1025,0,0,0,0,0,0,0,0,0
2025-02-11,739076,1008 S. 4th,B3,0,10,9,10,0,407.6,1160,1163,0,1163,0,0,0,0,0,0,0,0,0
2025-02-11,739076,1008 S. 4th,B4,0,2,2,2,0,0,1140,1187.5,0,1187.5,0,0,0,0,0,0,0,0,0
2025-02-11,739076,1008 S. 4th,B5,0,2,2,2,0,0,1150,1197.5,0,1197.5,0,0,0,0,0,0,0,0,0
2025-02-11,739076,1008 S. 4th,C1,0,12,12,12,154.16666666666666,435.625,937.5,940.4166666666666,0,940.4166666666666,0,0,0,0,0,0,0,0,0
2025-02-11,739076,1008 S. 4th,D1,0,16,16,16,107.33333333333333,208,858.3333333333334,869.6666666666666,0,869.6666666666666,0,0,0,0,0,0,0,0,0
2025-02-11,739076,1008 S. 4th,D1 Balcony,0,16,16,16,155.625,197.5,880,875,0,875,0,0,0,0,0,0,0,0,0
2025-02-11,739076,1008 S. 4th,D2,0,48,47,48,106.25,318.75,899.2708333333334,926.9791666666666,0,926.9791666666666,0,0,0,0,0,0,0,0,0
2025-02-11,739076,1008 S. 4th,D3 Balcony,0,12,10,12,0,0,984.5,1011.5,0,1011.5,0,0,0,0,0,0,0,0,0
2025-02-11,739076,1008 S. 4th,M1 Murphy,0,4,4,4,0,266.875,1210,1208.75,0,1208.75,0,0,0,0,0,0,0,0,0
2025-02-11,739076,1008 S. 4th,M1 Murphy Balcony,0,12,12,12,83.84615384615384,343.59076923076924,1246.5384615384614,1248.4615384615386,0,1248.4615384615386,0,0,0,0,0,0,0,0,0
2025-02-11,739076,1008 S. 4th,S1,0,4,4,4,265,303.125,1306.25,1353.75,0,1353.75,0,0,0,0,0,0,0,0,0
2025-02-11,739076,1008 S. 4th,S2,0,4,4,4,0,0,1021.25,1380,0,1380,0,0,0,0,0,0,0,0,0
2025-02-11,739085,1047 Commonwealth Avenue,Not Selected,0,0,0,0,0,0,0,0,0,0,0,0,0,0,0,0,0,0,0
2025-02-11,739085,1047 Commonwealth Avenue,S1,0,25,25,25,2025.7142857142858,2390.5714285714284,2895,2856.4285714285716,0,2856.4285714285716,0,0,0,0,0,0,0,0,0
2025-02-11,739085,1047 Commonwealth Avenue,S10,0,4,2,4,0,0,0,0,0,0,0,0,0,0,0,0,0,0,0
2025-02-11,739085,1047 Commonwealth Avenue,S11,0,24,24,24,2358.269230769231,1196,1199.6923076923076,1130.923076923077,5916.916923076923,1130.923076923077,0,0,0,0,0,0,0,0,0
2025-02-11,739085,1047 Commonwealth Avenue,S2,0,12,11,12,1571.4285714285713,2082.1428571428573,2950,2925,0,2925,0,0,0,0,0,0,0,0,0
2025-02-11,739085,1047 Commonwealth Avenue,S3,0,51,48,51,2678.5,3040.29,3065,3090,0,3090,0,0,0,0,0,0,0,0,0
2025-02-11,739085,1047 Commonwealth Avenue,S4,0,8,8,8,627.5,742.1875,3025,3006.25,0,3006.25,0,0,0,0,0,0,0,0,0
2025-02-11,739085,1047 Commonwealth Avenue,S5,0,10,10,10,1766.6666666666667,2054,2100,3100,0,3100,0,0,0,0,0,0,0,0,0
2025-02-11,739085,1047 Commonwealth Avenue,S6,0,29,29,29,2054.1666666666665,2733.475,3350,3329.1666666666665,0,3329.1666666666665,0,0,0,0,0,0,0,0,0
2025-02-11,739085,1047 Commonwealth Avenue,S7,0,4,3,4,2950,3350,3400,3370,0,3370,0,0,0,0,0,0,0,0,0
2025-02-11,739085,1047 Commonwealth Avenue,S8,0,11,5,11,2650,3466.82,3350,3325,0,3325,0,0,0,0,0,0,0,0,0
2025-02-11,739085,1047 Commonwealth Avenue,S9,0,5,4,5,2950,3880,3950,3950,0,3950,0,0,0,0,0,0,0,0,0
2025-02-11,739079,307 E. Daniel,D1,0,40,40,40,47.36842105263158,264.2171052631579,991.1842105263158,1034.7368421052631,0,1034.7368421052631,0,0,0,0,0,0,0,0,0
2025-02-11,739080,501 S. 6th,B1,0,2,2,2,0,0,955,990,0,990,0,0,0,0,0,0,0,0,0
2025-02-11,739080,501 S. 6th,B2,0,2,2,2,515,457.5,975,970,0,970,0,0,0,0,0,0,0,0,0
2025-02-11,739080,501 S. 6th,C1,0,12,12,12,83,91.375,987.5,993.5,0,993.5,0,0,0,0,0,0,0,0,0
2025-02-11,739080,501 S. 6th,C2,0,12,12,12,0,0,1017.5,1035,0,1035,0,0,0,0,0,0,0,0,0
2025-02-11,739080,501 S. 6th,D1,0,16,16,16,99.375,128.203125,748.75,759.6875,0,759.6875,0,0,0,0,0,0,0,0,0
2025-02-11,739080,501 S. 6th,D2,0,16,16,16,320.625,264.84375,776.5625,784.6875,0,784.6875,0,0,0,0,0,0,0,0,0
2025-02-11,739080,501 S. 6th,D3 Townhome,0,4,4,4,910,798.75,875,862.5,0,862.5,0,0,0,0,0,0,0,0,0
2025-02-11,739080,501 S. 6th,E1 Townhome,0,20,20,20,0,0,868.75,872.25,0,872.25,0,0,0,0,0,0,0,0,0
2025-02-11,739080,501 S. 6th,E2 Townhome,0,20,20,20,105.29411764705883,94.41176470588235,884.4117647058823,900.8823529411765,0,900.8823529411765,0,0,0,0,0,0,0,0,0
2025-02-11,739084,908 S. 1st,A1,0,16,15,16,161.25,419.921875,1276.5625,1498.125,0,1498.125,0,0,0,0,0,0,0,0,0
2025-02-11,739084,908 S. 1st,B1,0,8,8,8,0,0,930,941.875,0,941.875,0,0,0,0,0,0,0,0,0
2025-02-11,739084,908 S. 1st,B2,0,16,16,16,0,251.96571428571428,955,973.5714285714286,0,973.5714285714286,0,0,0,0,0,0,0,0,0
2025-02-11,739084,908 S. 1st,B3,0,8,8,8,0,0,896.875,1036.875,0,1036.875,0,0,0,0,0,0,0,0,0
2025-02-11,739084,908 S. 1st,D1,0,16,16,16,0,0,905,926.9230769230769,0,926.9230769230769,0,0,0,0,0,0,0,0,0
2025-02-11,739084,908 S. 1st,M1 Murphy,0,12,11,12,170.83333333333334,261.6675,1120,1137.5,0,1137.5,0,0,0,0,0,0,0,0,0
2025-02-11,739084,908 S. 1st,M1 Murphy Balcony,0,16,15,16,129.375,204.140625,1101.5625,1185.3125,0,1185.3125,0,0,0,0,0,0,0,0,0
2025-02-11,739084,908 S. 1st,M2 Murphy,0,4,3,4,261.25,556.25,1220,1231.25,0,1231.25,0,0,0,0,0,0,0,0,0
2025-02-11,1115679,ANOVA uCity Square,Not Selected,0,0,0,0,0,0,0,0,0,0,0,0,0,0,0,0,0,0,0
2025-02-11,1115679,ANOVA uCity Square,A1,0,6,6,6,0,0,0,0,0,0,0,0,0,0,0,0,0,0,0
2025-02-11,1115679,ANOVA uCity Square,A2,0,17,14,17,1259.8,2119.6,0,2106.6,5968.72,2106.6,0,0,0,0,0,0,0,0,0
2025-02-11,1115679,ANOVA uCity Square,A3,0,10,9,10,2010.6666666666667,2160,0,2139,13668.81,2139,0,0,0,0,0,0,0,0,0
2025-02-11,1115679,ANOVA uCity Square,A4,0,20,20,20,988.75,2050.25,0,1811.25,8630.92,1811.25,0,0,0,0,0,0,0,0,0
2025-02-11,1115679,ANOVA uCity Square,A5,0,6,5,6,0,0,0,0,0,0,0,0,0,0,0,0,0,0,0
2025-02-11,1115679,ANOVA uCity Square,A6,0,5,4,5,0,0,0,0,0,0,0,0,0,0,0,0,0,0,0
2025-02-11,1115679,ANOVA uCity Square,A7,0,5,5,5,0,0,0,0,0,0,0,0,0,0,0,0,0,0,0
2025-02-11,1115679,ANOVA uCity Square,A8,0,186,168,186,2058.9375,2478.1041666666665,54.145833333333336,2392.875,9891.153125,2392.875,0,0,0,0,0,0,0,0,0
2025-02-11,1115679,ANOVA uCity Square,B1,0,11,11,11,3557,3484,0,3363,22223.13,3363,0,0,0,0,0,0,0,0,0
2025-02-11,1115679,ANOVA uCity Square,B2,0,22,20,22,2882.8571428571427,3692,0,3778,20925.752857142856,3778,0,0,0,0,0,0,0,0,0
2025-02-11,1115679,ANOVA uCity Square,C1,0,5,4,5,0,0,0,0,0,0,0,0,0,0,0,0,0,0,0
2025-02-11,1115679,ANOVA uCity Square,S1,0,168,159,168,1482.4102564102564,1839.871794871795,0,1738.6410256410256,7716.627179487179,1738.6410256410256,0,0,0,0,0,0,0,0,0
2025-02-11,641240,Academy 65,Not Selected,0,0,0,0,0,0,0,0,0,0,0,0,0,0,0,0,0,0,0
2025-02-11,641240,Academy 65,A1,0,10,10,10,1742,1777.5,1815,1942,0,1942,0,0,0,0,0,0,0,0,0
2025-02-11,641240,Academy 65,B1,0,21,21,21,709,783,1716,1109.172,0,1109.172,0,0,0,0,0,0,0,0,0
2025-02-11,641240,Academy 65,B1 Semi-Shared,0,21,21,21,787.2727272727273,646.8845454545454,795,973.7927272727272,0,973.7927272727272,0,0,0,0,0,0,0,0,0
2025-02-11,641240,Academy 65,C1 Study,0,3,3,3,0,0,0,0,0,0,0,0,0,0,0,0,0,0,0
2025-02-11,641240,Academy 65,D1 Balcony,0,40,38,40,522.2727272727273,529.8436363636364,939.5454545454545,953.6363636363636,0,953.6363636363636,0,0,0,0,0,0,0,0,0
2025-02-11,641240,Academy 65,D2,0,64,64,64,776.09375,803.7109375,1003.125,973.75,0,973.75,0,0,0,0,0,0,0,0,0
2025-02-11,641240,Academy 65,D3,0,20,20,20,857.7777777777778,900.8888888888889,1021.6666666666666,840,0,840,0,0,0,0,0,0,0,0,0
2025-02-11,641240,Academy 65,D3 Semi-Shared,0,120,120,120,750.1724137931035,812.1606896551724,815.3448275862069,892.5324137931035,0,892.5324137931035,0,0,0,0,0,0,0,0,0
2025-02-11,641240,Academy 65,S1,0,5,5,5,1555,1529,1565,1645,0,1645,0,0,0,0,0,0,0,0,0
2025-02-11,641240,Academy 65,S2,0,5,5,5,540,615.6,1572,1722,0,1722,0,0,0,0,0,0,0,0,0
2025-02-11,676055,Academy Lincoln,Not Selected,0,0,0,0,0,0,0,0,0,0,0,0,0,0,0,0,0,0,0
2025-02-11,676055,Academy Lincoln,B1,0,30,30,30,29.107142857142858,416.665,872.5,901.4285714285714,0,901.4285714285714,0,0,0,0,0,0,0,0,0
2025-02-11,676055,Academy Lincoln,B2,0,38,38,38,0,122.14285714285714,817.3809523809524,933.8095238095239,0,933.8095238095239,0,0,0,0,0,0,0,0,0
2025-02-11,676055,Academy Lincoln,B3 Townhome,0,14,13,14,0,260.04,930,967.5,0,967.5,0,0,0,0,0,0,0,0,0
2025-02-11,676055,Academy Lincoln,C1,0,42,42,42,24.84375,294.375,780.46875,827.5,0,827.5,0,0,0,0,0,0,0,0,0
2025-02-11,676055,Academy Lincoln,D1,0,472,466,472,71.42996742671009,238.32410423452768,698.485342019544,722.3452768729642,0,722.3452768729642,0,0,0,0,0,0,0,0,0
2025-02-11,676055,Academy Lincoln,D2,0,36,35,36,63.19444444444444,177.7775,653.8888888888889,767.9166666666666,0,767.9166666666666,0,0,0,0,0,0,0,0,0
2025-02-11,1161867,Courts at Spring Mill Station,Not Selected,0,0,0,0,0,0,0,0,0,0,0,0,0,0,0,0,0,0,0
2025-02-11,1161867,Courts at Spring Mill Station,Studio,0,1,1,1,0,0,0,0,0,0,0,0,0,0,0,0,0,0,0
2025-02-11,1161867,Courts at Spring Mill Station,1 Bed 1 Bath,0,147,141,147,1990.7532467532467,1932.8961038961038,26.181818181818183,1966.3922077922077,5515.523636363637,1966.3922077922077,0,0,0,0,0,0,0,0,0
2025-02-11,1161867,Courts at Spring Mill Station,1 Bed 1 Bath ADA,0,4,3,4,1965,2259,0,1951,3598.88,1951,0,0,0,0,0,0,0,0,0
2025-02-11,1161867,Courts at Spring Mill Station,1 Bed 1 Bath Loft,0,12,6,12,1958.1666666666667,2013.8333333333333,334,2053.3333333333335,6641.7266666666665,2053.3333333333335,0,0,0,0,0,0,0,0,0
2025-02-11,1161867,Courts at Spring Mill Station,1 Bed 1 Bath w/ Den,0,31,30,31,2203.809523809524,2415.7619047619046,0,2312.0738095238094,12203.349047619047,2312.0738095238094,0,0,0,0,0,0,0,0,0
2025-02-11,1161867,Courts at Spring Mill Station,1Bed1.5 Bath w/ Den,0,3,3,3,2268,2616,0,2279,15441.18,2279,0,0,0,0,0,0,0,0,0
2025-02-11,1161867,Courts at Spring Mill Station,1Bed1Bath Loftw/ Den,0,3,2,3,0,0,2563,2597,0,2597,0,0,0,0,0,0,0,0,0
2025-02-11,1161867,Courts at Spring Mill Station,2 Bed 2 Bath,0,147,142,147,2493.1304347826085,2402.6376811594205,34.91304347826087,2553.7340579710144,8250.424492753624,2553.7340579710144,0,0,0,0,0,0,0,0,0
2025-02-11,1161867,Courts at Spring Mill Station,2 Bed 2 Bath ADA,0,4,2,4,2260,2402,0,2727,16783.51,2727,0,0,0,0,0,0,0,0,0
2025-02-11,1161867,Courts at Spring Mill Station,2 Bed 2 Bath Loft,0,9,8,9,2930,3116.5714285714284,0,3144.4285714285716,10195.16142857143,3144.4285714285716,0,0,0,0,0,0,0,0,0
2025-02-11,1161867,Courts at Spring Mill Station,2 Bed 2 Bath w/ Den,0,23,20,23,2922.4615384615386,3095.4615384615386,0,3205.3076923076924,12361.59076923077,3205.3076923076924,0,0,0,0,0,0,0,0,0
2025-02-11,1161867,Courts at Spring Mill Station,2Bed2Bath Loftw/ Den,0,1,1,1,0,0,0,0,0,0,0,0,0,0,0,0,0,0,0
2025-02-11,1161867,Courts at Spring Mill Station,COMMERCIAL,0,1,0,1,0,0,0,0,0,0,0,0,0,0,0,0,0,0,0
2025-02-11,952515,SOVA,Not Selected,0,0,0,0,0,0,0,0,0,0,0,0,0,0,0,0,0,0,0
2025-02-11,952515,SOVA,A1,0,20,19,20,138.0952380952381,667.5,1473.8095238095239,1547.142857142857,0,1547.142857142857,0,0,0,0,0,0,0,0,0
2025-02-11,952515,SOVA,B1,0,64,64,64,46.808510638297875,349.1710638297872,1064.6808510638298,1183.8297872340424,0,1183.8297872340424,0,0,0,0,0,0,0,0,0
2025-02-11,952515,SOVA,B1 ALT,0,30,29,30,109.0909090909091,1187.1609090909092,1265,1255.4545454545455,0,1255.4545454545455,0,0,0,0,0,0,0,0,0
2025-02-11,952515,SOVA,C1,0,66,66,66,0,414.6362962962963,853.3333333333334,1045.648148148148,0,1045.648148148148,0,0,0,0,0,0,0,0,0
2025-02-11,952515,SOVA,D1,0,308,308,308,115.2,916.8346399999999,1000.4,1000.48,0,1000.48,0,0,0,0,0,0,0,0,0
2025-02-11,952515,SOVA,D2,0,88,88,88,46.04651162790697,669.1346511627908,998.1395348837209,1013.4883720930233,0,1013.4883720930233,0,0,0,0,0,0,0,0,0
2025-02-11,952515,SOVA,D3,0,240,239,240,28.857142857142858,728.3514285714286,1051.5714285714287,1049.8095238095239,0,1049.8095238095239,0,0,0,0,0,0,0,0,0
2025-02-11,518044,Shortbread Lofts,Not Selected,0,0,0,0,0,0,0,0,0,0,0,0,0,0,0,0,0,0,0
2025-02-11,518044,Shortbread Lofts,B1,0,40,40,40,172.25,228.78125,1252.125,1246.5,0,1246.5,0,0,0,0,0,0,0,0,0
2025-02-11,518044,Shortbread Lofts,B2,0,10,10,10,0,288.8,1502,1540,0,1540,0,0,0,0,0,0,0,0,0
2025-02-11,518044,Shortbread Lofts,B3,0,2,2,2,765,1435,1505,1495,0,1495,0,0,0,0,0,0,0,0,0
2025-02-11,518044,Shortbread Lofts,B4,0,2,2,2,0,0,1505,1597.5,0,1597.5,0,0,0,0,0,0,0,0,0
2025-02-11,518044,Shortbread Lofts,C1,0,56,56,56,92.67857142857143,144.76392857142858,1458.5714285714287,1342.6785714285713,0,1342.6785714285713,0,0,0,0,0,0,0,0,0
2025-02-11,518044,Shortbread Lofts,C2,0,6,6,6,0,0,985,995,0,995,0,0,0,0,0,0,0,0,0
2025-02-11,518044,Shortbread Lofts,C3,0,20,20,20,0,0,1445.5,1258,0,1258,0,0,0,0,0,0,0,0,0
2025-02-11,518044,Shortbread Lofts,C4,0,24,24,24,73.75,115.625,1428.9583333333333,1151.25,0,1151.25,0,0,0,0,0,0,0,0,0
2025-02-11,518044,Shortbread Lofts,D1,0,205,205,205,0,0,1430.8415841584158,1164.1831683168316,0,1164.1831683168316,0,0,0,0,0,0,0,0,0
2025-02-11,518044,Shortbread Lofts,D2,0,9,9,9,0,0,1415,1339.4444444444443,0,1339.4444444444443,0,0,0,0,0,0,0,0,0
2025-02-11,577897,Station Nine,Not Selected,0,0,0,0,0,0,0,0,0,0,0,0,0,0,0,0,0,0,0
2025-02-11,577897,Station Nine,One Bedroom Waitlist,0,0,0,0,0,0,2406,2856,0,2856,0,0,0,0,0,0,0,0,0
2025-02-11,577897,Station Nine,Two Bedroom Waitlist,0,0,0,0,0,0,3054,3391.5,0,3391.5,0,0,0,0,0,0,0,0,0
2025-02-11,577897,Station Nine,a1a 1F Courtyard Stack,0,12,12,12,1669,1780,1680,1669,1669,1669,0,0,0,0,0,0,0,0,0
2025-02-11,577897,Station Nine,a1a 1F Pool Stack,0,4,4,4,1770,1770,0,1805,16026.72,1805,0,0,0,0,0,0,0,0,0
2025-02-11,577897,Station Nine,a1a 1F Stack,0,12,12,12,1550,1748.75,1601.25,1196.25,5368.1025,1196.25,0,0,0,0,0,0,0,0,0
2025-02-11,577897,Station Nine,a1a Courtyard Stack,0,24,24,24,1452.142857142857,1549.2857142857142,933.5714285714286,1733.7142857142858,8385.078571428572,1733.7142857142858,0,0,0,0,0,0,0,0,0
2025-02-11,577897,Station Nine,a1a Pool Stack,0,10,10,10,1695,1792.5,918.16,1836.5,14226.295,1836.5,0,0,0,0,0,0,0,0,0
2025-02-11,577897,Station Nine,a1a TF Pool Stack,0,1,1,1,0,0,0,0,0,0,0,0,0,0,0,0,0,0,0
2025-02-11,577897,Station Nine,a1a TF Stack,0,4,4,4,1830,1800,0,1836,14460,1836,0,0,0,0,0,0,0,0,0
2025-02-11,577897,Station Nine,a1a stack,0,23,21,23,1655.7142857142858,1767.142857142857,677.8571428571429,1471.7142857142858,9703.067142857142,1471.7142857142858,0,0,0,0,0,0,0,0,0
2025-02-11,577897,Station Nine,a1al TF Courtyard Stack,0,12,12,12,1921.6666666666667,2115,1888.3333333333333,1931.6666666666667,5862.066666666667,1931.6666666666667,0,0,0,0,0,0,0,0,0
2025-02-11,577897,Station Nine,a1al TF Pool Stack,0,4,3,4,2025,2100,2025,2100,15275.16,2100,0,0,0,0,0,0,0,0,0
2025-02-11,577897,Station Nine,a1al TF Stack,0,8,8,8,2030,2030,1930,1900,6085.92,1900,0,0,0,0,0,0,0,0,0
2025-02-11,577897,Station Nine,a1b Pool Stack,0,2,2,2,1800,1800,0,1836,14793.03,1836,0,0,0,0,0,0,0,0,0
2025-02-11,577897,Station Nine,a1b Stack,0,1,1,1,0,0,0,0,0,0,0,0,0,0,0,0,0,0,0
2025-02-11,577897,Station Nine,a1bl TF Pool Stack,0,1,1,1,0,0,0,0,0,0,0,0,0,0,0,0,0,0,0
2025-02-11,577897,Station Nine,a1bl TF Stack,0,1,1,1,0,0,0,0,0,0,0,0,0,0,0,0,0,0,0
2025-02-11,577897,Station Nine,a1c 1F Stack,0,1,1,1,1595,1745,1595,1595,11277,1595,0,0,0,0,0,0,0,0,0
2025-02-11,577897,Station Nine,a1hc 1F Pool Side by Side,0,1,1,1,0,0,0,0,0,0,0,0,0,0,0,0,0,0,0
2025-02-11,577897,Station Nine,a1hc 1F Side by Side,0,1,1,1,0,0,0,0,0,0,0,0,0,0,0,0,0,0,0
2025-02-11,577897,Station Nine,a1hc 1F Stack,0,1,1,1,0,0,0,0,0,0,0,0,0,0,0,0,0,0,0
2025-02-11,577897,Station Nine,a1hc Pool Side by Side,0,2,2,2,1640,1775,1640,1640,12106.65,1640,0,0,0,0,0,0,0,0,0
2025-02-11,577897,Station Nine,a1hc Side by Side,0,3,3,3,0,0,0,0,0,0,0,0,0,0,0,0,0,0,0
2025-02-11,577897,Station Nine,a1hc TF Pool Side by Side,0,1,1,1,1625,1840,1625,1655,3745.9,1655,0,0,0,0,0,0,0,0,0
2025-02-11,577897,Station Nine,a1hc TF Side by Side,0,2,2,2,0,0,0,0,0,0,0,0,0,0,0,0,0,0,0
2025-02-11,577897,Station Nine,a2 1F Pool Side by Side,0,1,1,1,1528,1778,1528,1528,12,1528,0,0,0,0,0,0,0,0,0
2025-02-11,577897,Station Nine,a2 Pool Side by Side,0,2,2,2,1805,1805,0,1841,15334,1841,0,0,0,0,0,0,0,0,0
2025-02-11,577897,Station Nine,a2 TF Pool Side by Side,0,1,1,1,1740,1828,1728,1885,606,1885,0,0,0,0,0,0,0,0,0
2025-02-11,577897,Station Nine,a3a 1F Pool Side by Side,0,4,1,4,0,0,0,0,0,0,0,0,0,0,0,0,0,0,0
2025-02-11,577897,Station Nine,a3a 1F Side by Side,0,2,2,2,0,0,0,0,0,0,0,0,0,0,0,0,0,0,0
2025-02-11,577897,Station Nine,a3a Pool Side by Side,0,8,8,8,1990,1990,0,2030,17495.260000000002,2030,0,0,0,0,0,0,0,0,0
2025-02-11,577897,Station Nine,a3a Side by Side,0,4,4,4,1950,1950,0,1989,16200.59,1989,0,0,0,0,0,0,0,0,0
2025-02-11,577897,Station Nine,a3a TF Pool Side by Side,0,2,2,2,0,0,2190,1935,0,1935,0,0,0,0,0,0,0,0,0
2025-02-11,577897,Station Nine,a3a TF Side by Side,0,2,2,2,1720,2000,1900,1845,923,1845,0,0,0,0,0,0,0,0,0
2025-02-11,577897,Station Nine,a3al TF Pool Side by Side,0,1,1,1,0,0,0,0,0,0,0,0,0,0,0,0,0,0,0
2025-02-11,577897,Station Nine,a3al TF Pool Stack,0,1,1,1,0,0,0,0,0,0,0,0,0,0,0,0,0,0,0
2025-02-11,577897,Station Nine,a3b 1F Side by Side,0,2,2,2,0,0,0,0,0,0,0,0,0,0,0,0,0,0,0
2025-02-11,577897,Station Nine,a3b Side by Side,0,6,6,6,1945,1945,0,1900,15689.855,1900,0,0,0,0,0,0,0,0,0
2025-02-11,577897,Station Nine,a3b TF Side by Side,0,2,2,2,0,0,0,0,0,0,0,0,0,0,0,0,0,0,0
2025-02-11,577897,Station Nine,a3bl TF Side by Side,0,2,2,2,2135,2135,0,2178,17201,2178,0,0,0,0,0,0,0,0,0
2025-02-11,577897,Station Nine,a3c Side by Side,0,1,0,1,0,0,0,0,0,0,0,0,0,0,0,0,0,0,0
2025-02-11,577897,Station Nine,a3c TF Side by Side,0,1,1,1,0,0,0,0,0,0,0,0,0,0,0,0,0,0,0
2025-02-11,577897,Station Nine,a3d Side by Side,0,2,2,2,1960,1960,0,1999,15615.310000000001,1999,0,0,0,0,0,0,0,0,0
2025-02-11,577897,Station Nine,a3dl TF Side by Side,0,1,0,1,0,0,0,0,0,0,0,0,0,0,0,0,0,0,0
2025-02-11,577897,Station Nine,a4 1F Side by Side,0,1,1,1,0,0,0,0,0,0,0,0,0,0,0,0,0,0,0
2025-02-11,577897,Station Nine,a4 1F Stack,0,1,0,1,0,0,0,0,0,0,0,0,0,0,0,0,0,0,0
2025-02-11,577897,Station Nine,a4 Stack,0,4,3,4,1690,1860,1860,1900,17527.03,1900,0,0,0,0,0,0,0,0,0
2025-02-11,577897,Station Nine,a4 TF Stack,0,2,2,2,1720,1895,1720,1720,10063.44,1720,0,0,0,0,0,0,0,0,0
2025-02-11,577897,Station Nine,a5 1F Pool Side by Side Terrace,0,1,1,1,0,0,0,0,0,0,0,0,0,0,0,0,0,0,0
2025-02-11,577897,Station Nine,a5 Pool Side by Side Terrace,0,2,2,2,0,0,0,0,0,0,0,0,0,0,0,0,0,0,0
2025-02-11,577897,Station Nine,a5 TF Pool Side by Side Terrace,0,1,1,1,0,0,0,0,0,0,0,0,0,0,0,0,0,0,0
2025-02-11,577897,Station Nine,a6 Stack,0,1,1,1,0,0,0,0,0,0,0,0,0,0,0,0,0,0,0
2025-02-11,577897,Station Nine,b1 1F Courtyard Side by Side,0,4,4,4,0,0,0,0,0,0,0,0,0,0,0,0,0,0,0
2025-02-11,577897,Station Nine,b1 1F Pool Side by Side,0,2,2,2,0,0,0,0,0,0,0,0,0,0,0,0,0,0,0
2025-02-11,577897,Station Nine,b1 1F Side by Side,0,9,9,9,2320,2320,0,2366,19407,2366,0,0,0,0,0,0,0,0,0
2025-02-11,577897,Station Nine,b1 Courtyard Side by Side,0,8,8,8,0,0,0,0,0,0,0,0,0,0,0,0,0,0,0
2025-02-11,577897,Station Nine,b1 Pool Side by Side,0,4,4,4,0,0,0,0,0,0,0,0,0,0,0,0,0,0,0
2025-02-11,577897,Station Nine,b1 Side by Side,0,19,17,19,0,0,0,0,0,0,0,0,0,0,0,0,0,0,0
2025-02-11,577897,Station Nine,b1 TF Side by Side,0,3,3,3,0,0,0,0,0,0,0,0,0,0,0,0,0,0,0
2025-02-11,577897,Station Nine,b1al TF Courtyard Side by Side,0,4,4,4,0,0,0,0,0,0,0,0,0,0,0,0,0,0,0
2025-02-11,577897,Station Nine,b1al TF Pool Side by Side,0,1,1,1,0,0,0,0,0,0,0,0,0,0,0,0,0,0,0
2025-02-11,577897,Station Nine,b1al TF Side by Side,0,6,5,6,2530,2680,2530,2530,8310.73,2530,0,0,0,0,0,0,0,0,0
2025-02-11,577897,Station Nine,b1bl TF Pool Side by Side,0,1,1,1,0,0,0,0,0,0,0,0,0,0,0,0,0,0,0
2025-02-11,577897,Station Nine,b1bl TF Side by Side,0,4,3,4,2680,2680,0,2733,22735.11,2733,0,0,0,0,0,0,0,0,0
2025-02-11,577897,Station Nine,b1hc 1F Side by Side,0,1,0,1,0,0,0,0,0,0,0,0,0,0,0,0,0,0,0
2025-02-11,577897,Station Nine,b1hc Side by Side,0,3,3,3,0,0,0,0,0,0,0,0,0,0,0,0,0,0,0
2025-02-11,577897,Station Nine,b2a 1F Courtyard Side by Side,0,2,2,2,2230,2405,0,2285,33063.16,2285,0,0,0,0,0,0,0,0,0
2025-02-11,577897,Station Nine,b2a 1F Side by Side,0,2,2,2,0,0,0,0,0,0,0,0,0,0,0,0,0,0,0
2025-02-11,577897,Station Nine,b2a Courtyard Side by Side,0,4,4,4,2425,2425,2425,2425,18016.97,2425,0,0,0,0,0,0,0,0,0
2025-02-11,577897,Station Nine,b2a Side by Side,0,4,4,4,2415,2415,2315,2487,0,2487,0,0,0,0,0,0,0,0,0
2025-02-11,577897,Station Nine,b2al TF Courtyard Side by Side,0,2,2,2,0,0,0,0,0,0,0,0,0,0,0,0,0,0,0
2025-02-11,577897,Station Nine,b2al TF Side by Side,0,1,1,1,0,0,0,0,0,0,0,0,0,0,0,0,0,0,0
2025-02-11,577897,Station Nine,b2b 1F Courtyard Side by Side,0,2,2,2,0,0,0,0,0,0,0,0,0,0,0,0,0,0,0
2025-02-11,577897,Station Nine,b2b 1F Side by Side,0,1,1,1,0,0,0,0,0,0,0,0,0,0,0,0,0,0,0
2025-02-11,577897,Station Nine,b2b Courtyard Side by Side,0,4,4,4,0,0,0,0,0,0,0,0,0,0,0,0,0,0,0
2025-02-11,577897,Station Nine,b2b Side by Side,0,2,2,2,2415,2415,2415,2415,18354,2415,0,0,0,0,0,0,0,0,0
2025-02-11,577897,Station Nine,b2bl TF Courtyard Side by Side,0,2,2,2,0,0,0,0,0,0,0,0,0,0,0,0,0,0,0
2025-02-11,577897,Station Nine,b2bl TF Side by Side,0,1,1,1,0,0,0,0,0,0,0,0,0,0,0,0,0,0,0
2025-02-11,577897,Station Nine,b2cl TF Side by Side,0,1,1,1,0,0,0,0,0,0,0,0,0,0,0,0,0,0,0
2025-02-11,577897,Station Nine,b3a 1F Courtyard Side by Side,0,4,3,4,2460,2460,2360,2699,0,2699,0,0,0,0,0,0,0,0,0
2025-02-11,577897,Station Nine,b3a 1F Pool Side by Side,0,1,1,1,0,0,0,0,0,0,0,0,0,0,0,0,0,0,0
2025-02-11,577897,Station Nine,b3a 1F Side by Side,0,1,1,1,0,0,0,0,0,0,0,0,0,0,0,0,0,0,0
2025-02-11,577897,Station Nine,b3a Courtyard Side by Side,0,4,4,4,0,0,0,0,0,0,0,0,0,0,0,0,0,0,0
2025-02-11,577897,Station Nine,b3a Pool Side by Side,0,2,2,2,0,0,0,0,0,0,0,0,0,0,0,0,0,0,0
2025-02-11,577897,Station Nine,b3a Side by Side,0,4,4,4,2470,2470,0,2519.5,20586.434999999998,2519.5,0,0,0,0,0,0,0,0,0
2025-02-11,577897,Station Nine,b3a TF Courtyard Side by Side,0,2,2,2,0,0,0,0,0,0,0,0,0,0,0,0,0,0,0
2025-02-11,577897,Station Nine,b3a TF Pool Side by Side,0,1,1,1,0,0,0,0,0,0,0,0,0,0,0,0,0,0,0
2025-02-11,577897,Station Nine,b3a TF Side by Side,0,2,2,2,0,0,0,0,0,0,0,0,0,0,0,0,0,0,0
2025-02-11,577897,Station Nine,b3b Courtyard Side by Side,0,4,4,4,0,0,0,0,0,0,0,0,0,0,0,0,0,0,0
2025-02-11,577897,Station Nine,b3b TF Courtyard Side by Side,0,2,2,2,2580,2580,0,2631,21876.87,2631,0,0,0,0,0,0,0,0,0
2025-02-11,577897,Station Nine,b4 1F Pool Side by Side,0,1,1,1,0,0,0,0,0,0,0,0,0,0,0,0,0,0,0
2025-02-11,577897,Station Nine,b4 Pool Side by Side,0,2,2,2,0,0,0,0,0,0,0,0,0,0,0,0,0,0,0
2025-02-11,577897,Station Nine,b4 TF Pool Side by Side,0,1,1,1,0,0,0,0,0,0,0,0,0,0,0,0,0,0,0
2025-02-11,577897,Station Nine,b5 Pool Side by Side,0,1,1,1,0,0,0,0,0,0,0,0,0,0,0,0,0,0,0
2025-02-11,577897,Station Nine,b5 TF Pool Side by Side,0,1,1,1,0,0,0,0,0,0,0,0,0,0,0,0,0,0,0
2025-02-11,577897,Station Nine,b7hc Side by Side,0,1,1,1,0,0,0,0,0,0,0,0,0,0,0,0,0,0,0
2025-02-11,577897,Station Nine,b7hc TF Side by Side,0,1,1,1,0,0,0,0,0,0,0,0,0,0,0,0,0,0,0
2025-02-11,577897,Station Nine,b8 Side by Side,0,1,1,1,0,0,0,0,0,0,0,0,0,0,0,0,0,0,0
2025-02-11,577897,Station Nine,b8 TF Side by Side,0,1,1,1,0,0,0,0,0,0,0,0,0,0,0,0,0,0,0
2025-02-11,518041,The Academy at Frisco,Not Selected,0,0,0,0,0,0,0,0,0,0,0,0,0,0,0,0,0,0,0
2025-02-11,518041,The Academy at Frisco,Studio,0,20,20,20,0,936.5384615384615,1371.5384615384614,1386.923076923077,0,1386.923076923077,0,0,0,0,0,0,0,0,0
2025-02-11,518041,The Academy at Frisco,A1,0,31,31,31,0,726.0213333333334,1286.3333333333333,1524.6666666666667,0,1524.6666666666667,0,0,0,0,0,0,0,0,0
2025-02-11,518041,The Academy at Frisco,A2,0,3,3,3,0,1300,1575,1625,0,1625,0,0,0,0,0,0,0,0,0
2025-02-11,518041,The Academy at Frisco,B1,0,48,48,48,0,303.89,952.9166666666666,1079.8958333333333,0,1079.8958333333333,0,0,0,0,0,0,0,0,0
2025-02-11,518041,The Academy at Frisco,B2,0,10,10,10,0,274.65,790,1043.5,0,1043.5,0,0,0,0,0,0,0,0,0
2025-02-11,518041,The Academy at Frisco,B3,0,10,9,10,102.77777777777777,103.55555555555556,1577.7777777777778,1057.2222222222222,0,1057.2222222222222,0,0,0,0,0,0,0,0,0
2025-02-11,518041,The Academy at Frisco,C1,0,18,18,18,0,291.8533333333333,903.6111111111111,1048.611111111111,0,1048.611111111111,0,0,0,0,0,0,0,0,0
2025-02-11,518041,The Academy at Frisco,D1,0,228,223,228,0,285.9253703703704,871.9907407407408,949.4675925925926,0,949.4675925925926,0,0,0,0,0,0,0,0,0
2025-02-11,518041,The Academy at Frisco,D2,0,140,140,140,0,278.05970149253733,886.9402985074627,940.5223880597015,0,940.5223880597015,0,0,0,0,0,0,0,0,0
2025-02-11,518041,The Academy at Frisco,D3,0,16,16,16,0,152.5,740,982,0,982,0,0,0,0,0,0,0,0,0
2025-02-11,518041,The Academy at Frisco,D4,0,40,40,40,0,420.9130434782609,1011.9565217391304,1066.9565217391305,0,1066.9565217391305,0,0,0,0,0,0,0,0,0
2025-02-11,518041,The Academy at Frisco,D5,0,76,76,76,0,290.90328125,951.953125,1006.875,0,1006.875,0,0,0,0,0,0,0,0,0
2025-02-11,518042,The Academy on Charles,Not Selected,0,0,0,0,0,0,0,0,0,0,0,0,0,0,0,0,0,0,0
2025-02-11,518042,The Academy on Charles,A1,0,1,1,1,0,0,2100,2100,0,2100,0,0,0,0,0,0,0,0,0
2025-02-11,518042,The Academy on Charles,A2,0,1,1,1,0,0,2225,2225,0,2225,0,0,0,0,0,0,0,0,0
2025-02-11,518042,The Academy on Charles,B1,0,10,10,10,289,312.4,1692,1700,0,1700,0,0,0,0,0,0,0,0,0
2025-02-11,518042,The Academy on Charles,B2,0,8,8,8,0,0,1732.5,1726.25,0,1726.25,0,0,0,0,0,0,0,0,0
2025-02-11,518042,The Academy on Charles,B3,0,6,6,6,475,519.4433333333333,1414.1666666666667,1706.6666666666667,0,1706.6666666666667,0,0,0,0,0,0,0,0,0
2025-02-11,518042,The Academy on Charles,B4,0,8,8,8,1395,1585,1720,1690,0,1690,0,0,0,0,0,0,0,0,0
2025-02-11,518042,The Academy on Charles,B5,0,8,8,8,837,942,1725,1711,0,1711,0,0,0,0,0,0,0,0,0
2025-02-11,518042,The Academy on Charles,B6,0,10,9,10,485,525.6666666666666,1746.6666666666667,1733.888888888889,0,1733.888888888889,0,0,0,0,0,0,0,0,0
2025-02-11,518042,The Academy on Charles,C1,0,12,12,12,220,237.91666666666666,1580,1567.5,0,1567.5,0,0,0,0,0,0,0,0,0
2025-02-11,518042,The Academy on Charles,C2,0,36,36,36,191.85185185185185,223.88888888888889,1517.037037037037,1640.1851851851852,0,1640.1851851851852,0,0,0,0,0,0,0,0,0
2025-02-11,518042,The Academy on Charles,C3,0,24,24,24,221.8181818181818,261.1363636363636,1577.9545454545455,1579.090909090909,0,1579.090909090909,0,0,0,0,0,0,0,0,0
2025-02-11,518042,The Academy on Charles,C4,0,3,3,3,1320,1470,1625,1625,0,1625,0,0,0,0,0,0,0,0,0
2025-02-11,518042,The Academy on Charles,D1,0,104,104,104,1171.6666666666667,1439.5,1565.8333333333333,1543.3333333333333,0,1543.3333333333333,0,0,0,0,0,0,0,0,0
2025-02-11,518042,The Academy on Charles,D2,0,40,40,40,518.8,650.3068000000001,1523.4,1561.2,0,1561.2,0,0,0,0,0,0,0,0,0
2025-02-11,518042,The Academy on Charles,D3,0,20,20,20,593.4375,709,1528.125,1523.75,0,1523.75,0,0,0,0,0,0,0,0,0
2025-02-11,518042,The Academy on Charles,D4,0,32,32,32,565,700,1515,1502.5,0,1502.5,0,0,0,0,0,0,0,0,0
2025-02-11,518042,The Academy on Charles,S1,0,4,4,4,461.25,484.375,2057.5,2022.5,0,2022.5,0,0,0,0,0,0,0,0,0
2025-02-11,518042,The Academy on Charles,S2,0,1,1,1,0,0,2465,2465,0,2465,0,0,0,0,0,0,0,0,0
2025-02-11,1197886,The Caswell at Runnymeade,Not Selected,0,0,0,0,0,0,0,0,0,0,0,0,0,0,0,0,0,0,0
2025-02-11,1197886,The Caswell at Runnymeade,A1.1,0,3,2,3,2492,2492,2417,2577,2315.93,2577,0,0,0,0,0,0,0,0,0
2025-02-11,1197886,The Caswell at Runnymeade,A1.2,0,2,0,2,0,0,0,0,0,0,0,0,0,0,0,0,0,0,0
2025-02-11,1197886,The Caswell at Runnymeade,A2,0,4,4,4,1855.3333333333333,1933.3333333333333,2587.6666666666665,2761.3333333333335,11075.300000000001,2761.3333333333335,0,0,0,0,0,0,0,0,0
2025-02-11,1197886,The Caswell at Runnymeade,A3,0,16,15,16,2327.5,2487.1,2300,2191.4,10550.902,2191.4,0,0,0,0,0,0,0,0,0
2025-02-11,1197886,The Caswell at Runnymeade,A4,0,16,15,16,2336.3,2441.2,2307.3,2414.2,10125.186,2414.2,0,0,0,0,0,0,0,0,0
2025-02-11,1197886,The Caswell at Runnymeade,A5.1,0,6,6,6,2711.3333333333335,2832,2519,2815.3333333333335,13893.603333333333,2815.3333333333335,0,0,0,0,0,0,0,0,0
2025-02-11,1197886,The Caswell at Runnymeade,A5.2,0,6,6,6,2040.5,2085.75,2697,2837.5,5283.139999999999,2837.5,0,0,0,0,0,0,0,0,0
2025-02-11,1197886,The Caswell at Runnymeade,A6,0,4,4,4,2798,2798,2723,2334,13968.97,2334,0,0,0,0,0,0,0,0,0
2025-02-11,1197886,The Caswell at Runnymeade,A7,0,8,8,8,2820.6,3002,2723,2975.8,9402.126,2975.8,0,0,0,0,0,0,0,0,0
2025-02-11,1197886,The Caswell at Runnymeade,B1,2,83,73,83,3013.92,3103.78,2874.34,3155.84,11470.7842,3155.84,0,0,0,0,0,0,0,0,0
2025-02-11,1197886,The Caswell at Runnymeade,B1.2,0,7,6,7,3140.3333333333335,3257.3333333333335,2881,3263,22045.603333333333,3263,0,0,0,0,0,0,0,0,0
2025-02-11,1197886,The Caswell at Runnymeade,B2,0,38,31,38,3165.8,3264.84,2615.36,3381.72,11793.3876,3381.72,0,0,0,0,0,0,0,0,0
2025-02-11,1197886,The Caswell at Runnymeade,B3.1,0,4,3,4,3181,3181,2881,3341,12015.16,3341,0,0,0,0,0,0,0,0,0
2025-02-11,1197886,The Caswell at Runnymeade,B3.3,0,2,1,2,1854.5,1854,2889,3559,9177.16,3559,0,0,0,0,0,0,0,0,0
2025-02-11,1197886,The Caswell at Runnymeade,C1,0,16,15,16,4002.3333333333335,4050.1111111111113,3638.3333333333335,3287.3333333333335,13950.861111111111,3287.3333333333335,0,0,0,0,0,0,0,0,0
2025-02-11,1197886,The Caswell at Runnymeade,C2,0,32,26,32,3558.35,3655.2,3571.8,4189.2,14596.837,4189.2,0,0,0,0,0,0,0,0,0
2025-02-11,833617,The Dean Campustown,Not Selected,0,0,0,0,0,0,0,0,0,0,0,0,0,0,0,0,0,0,0
2025-02-11,833617,The Dean Campustown,A1,0,14,14,14,109.64285714285714,134.87214285714285,1966.7857142857142,2128.214285714286,0,2128.214285714286,0,0,0,0,0,0,0,0,0
2025-02-11,833617,The Dean Campustown,A2 Deluxe,0,28,28,28,350,203.95499999999998,2107.8571428571427,1094.642857142857,0,1094.642857142857,0,0,0,0,0,0,0,0,0
2025-02-11,833617,The Dean Campustown,B1,0,28,28,28,184.25925925925927,222.28888888888886,1356.4814814814815,1339.8148148148148,0,1339.8148148148148,0,0,0,0,0,0,0,0,0
2025-02-11,833617,The Dean Campustown,B2,0,28,28,28,305.81481481481484,385.29185185185185,1486.111111111111,1460.1851851851852,0,1460.1851851851852,0,0,0,0,0,0,0,0,0
2025-02-11,833617,The Dean Campustown,B3 XL,0,56,56,56,365.86538461538464,257.08153846153846,1538.4615384615386,813.3653846153846,0,813.3653846153846,0,0,0,0,0,0,0,0,0
2025-02-11,833617,The Dean Campustown,B4 XL,0,56,56,56,425.0925925925926,370.74074074074076,1430.3703703703704,844.3518518518518,0,844.3518518518518,0,0,0,0,0,0,0,0,0
2025-02-11,833617,The Dean Campustown,D1,0,56,48,56,384.0243902439024,451.2556097560975,1146.341463414634,1057.9268292682927,0,1057.9268292682927,0,0,0,0,0,0,0,0,0
2025-02-11,833617,The Dean Campustown,D2,0,56,55,56,312.6923076923077,356.9088461538461,1167.3076923076924,1087.5,0,1087.5,0,0,0,0,0,0,0,0,0
2025-02-11,833617,The Dean Campustown,D3,0,56,53,56,476.57142857142856,544.5,1190.1785714285713,1153.5714285714287,0,1153.5714285714287,0,0,0,0,0,0,0,0,0
2025-02-11,833617,The Dean Campustown,D4,0,56,56,56,198.64285714285714,241.07142857142858,1161.607142857143,1209.8214285714287,0,1209.8214285714287,0,0,0,0,0,0,0,0,0
2025-02-11,833617,The Dean Campustown,D5,0,56,56,56,232.97222222222223,253.4911111111111,1201.388888888889,1228.4722222222222,0,1228.4722222222222,0,0,0,0,0,0,0,0,0
2025-02-11,833617,The Dean Campustown,M1,0,84,82,84,781.4897959183673,1019.020612244898,1760.8163265306123,1686.1224489795918,0,1686.1224489795918,0,0,0,0,0,0,0,0,0
2025-02-11,833617,The Dean Campustown,S1,0,42,41,42,801.8333333333334,1080.57,1748.3333333333333,1970.6666666666667,0,1970.6666666666667,0,0,0,0,0,0,0,0,0
2025-02-11,833617,The Dean Campustown,S2,0,28,28,28,1159.6666666666667,1579.188,1763.6666666666667,2061.3333333333335,0,2061.3333333333335,0,0,0,0,0,0,0,0,0
2025-02-11,833617,The Dean Campustown,S3 XL,0,28,28,28,481.45454545454544,352.27272727272725,1692.7272727272727,1088.1818181818182,0,1088.1818181818182,0,0,0,0,0,0,0,0,0
2025-02-11,1197887,The Dean Reno,Not Selected,0,0,0,0,0,0,0,0,0,0,0,0,0,0,0,0,0,0,0
2025-02-11,1197887,The Dean Reno,A1,0,1,0,1,0,0,2320,2435,0,2435,0,0,0,0,0,0,0,0,0
2025-02-11,1197887,The Dean Reno,B1,0,36,35,36,536.40625,562.4275,1864.1875,1243.53125,0,1243.53125,0,0,0,0,0,0,0,0,0
2025-02-11,1197887,The Dean Reno,B2,0,34,33,34,501.61290322580646,514.6683870967742,1153.7096774193549,1366.6774193548388,0,1366.6774193548388,0,0,0,0,0,0,0,0,0
2025-02-11,1197887,The Dean Reno,C1,0,3,2,3,1215,1290,1365,1480,0,1480,0,0,0,0,0,0,0,0,0
2025-02-11,1197887,The Dean Reno,D1,0,180,166,180,196.5177304964539,200.6409219858156,857.9787234042553,980.7304964539007,0,980.7304964539007,0,0,0,0,0,0,0,0,0
2025-02-11,1197887,The Dean Reno,D2,0,140,121,140,465.5769230769231,488.6946153846154,905.5769230769231,1010.4487179487179,0,1010.4487179487179,0,0,0,0,0,0,0,0,0
2025-02-11,1197887,The Dean Reno,D3,0,64,55,64,384.03846153846155,378.30384615384617,788.2692307692307,1009.6153846153846,0,1009.6153846153846,0,0,0,0,0,0,0,0,0
2025-02-11,1197887,The Dean Reno,D4,0,45,27,45,680.5,766.5969230769231,793.4615384615385,997.8846153846154,0,997.8846153846154,0,0,0,0,0,0,0,0,0
2025-02-11,1197887,The Dean Reno,D5,0,36,31,36,183.4,184.084,900.2,950.8,0,950.8,0,0,0,0,0,0,0,0,0
2025-02-11,1197887,The Dean Reno,E1,0,90,76,90,414.1842105263158,440.78,844.078947368421,927.6315789473684,0,927.6315789473684,0,0,0,0,0,0,0,0,0
2025-02-11,1197887,The Dean Reno,E1 Alt,0,45,33,45,764.4545454545455,793.8363636363637,780.9090909090909,948.6363636363636,0,948.6363636363636,0,0,0,0,0,0,0,0,0
2025-02-11,1197887,The Dean Reno,E2,0,54,44,54,345,353.18548387096774,855.9677419354839,836.1290322580645,0,836.1290322580645,0,0,0,0,0,0,0,0,0
2025-02-11,1197887,The Dean Reno,E3,0,45,42,45,200.5,214.055,841.5,922.75,0,922.75,0,0,0,0,0,0,0,0,0
2025-02-11,518046,The Rise at Northgate,Not Selected,0,0,0,0,0,0,0,0,0,0,0,0,0,0,0,0,0,0,0
2025-02-11,518046,The Rise at Northgate,A1,0,36,36,36,0,1218.4012500000001,1904.84375,1968.4375,0,1968.4375,0,0,0,0,0,0,0,0,0
2025-02-11,518046,The Rise at Northgate,A2,0,4,4,4,0,550,1820,1916.6666666666667,0,1916.6666666666667,0,0,0,0,0,0,0,0,0
2025-02-11,518046,The Rise at Northgate,A3,0,1,1,1,0,0,2500,2600,0,2600,0,0,0,0,0,0,0,0,0
2025-02-11,518046,The Rise at Northgate,B1,0,42,42,42,0,362.370243902439,1179.2682926829268,1320.8536585365853,0,1320.8536585365853,0,0,0,0,0,0,0,0,0
2025-02-11,518046,The Rise at Northgate,B2,0,4,4,4,0,997.5,1470,1542.5,0,1542.5,0,0,0,0,0,0,0,0,0
2025-02-11,518046,The Rise at Northgate,B3,0,2,2,2,0,1350,1440,1567.5,0,1567.5,0,0,0,0,0,0,0,0,0
2025-02-11,518046,The Rise at Northgate,C1,0,3,3,3,0,754.4466666666667,1233.3333333333333,1286.6666666666667,0,1286.6666666666667,0,0,0,0,0,0,0,0,0
2025-02-11,518046,The Rise at Northgate,D1,0,252,252,252,10.077720207253886,532.5784974093264,1099.2487046632125,1111.839378238342,0,1111.839378238342,0,0,0,0,0,0,0,0,0
2025-02-11,518046,The Rise at Northgate,D2,0,4,4,4,0,761.25,1100,1177.5,0,1177.5,0,0,0,0,0,0,0,0,0
2025-02-11,518046,The Rise at Northgate,D3,0,40,40,40,0,301.0769230769231,1075.3846153846155,1130,0,1130,0,0,0,0,0,0,0,0,0
2025-02-11,518046,The Rise at Northgate,E1,0,15,15,15,0,677.864,986.6666666666666,1032.3333333333333,0,1032.3333333333333,0,0,0,0,0,0,0,0,0
2025-02-11,518046,The Rise at Northgate,E2,0,30,30,30,28.166666666666668,490.064,927,1059.3333333333333,0,1059.3333333333333,0,0,0,0,0,0,0,0,0
2025-02-11,518046,The Rise at Northgate,E3,0,5,5,5,0,168.6,1009,1070,0,1070,0,0,0,0,0,0,0,0,0
2025-02-11,518046,The Rise at Northgate,F1,0,6,6,6,0,530,891.6666666666666,941.6666666666666,0,941.6666666666666,0,0,0,0,0,0,0,0,0
2025-02-11,518046,The Rise at Northgate,S1,0,21,21,21,0,859.8315,1742.5,1760.25,0,1760.25,0,0,0,0,0,0,0,0,0
2025-02-11,100064798,The Stretch,Not Selected,0,0,0,0,0,0,0,0,0,0,0,0,0,0,0,0,0,0,0
2025-02-11,100064798,The Stretch,2x2,0,144,141,144,500.078125,446.3125,13.28125,859.5,0,859.5,0,0,0,0,0,0,0,0,0
2025-02-11,100064798,The Stretch,2x2 Loft,0,2,2,2,0,0,0,0,0,0,0,0,0,0,0,0,0,0,0
2025-02-11,100064798,The Stretch,3x3 Loft,0,3,0,3,0,0,0,0,0,0,0,0,0,0,0,0,0,0,0
2025-02-11,100064798,The Stretch,4x4,0,384,368,384,409.63576158940396,350.6953642384106,8.940397350993377,669.4304635761589,0,669.4304635761589,0,0,0,0,0,0,0,0,0
2025-02-11,1143679,Torre,Not Selected,0,0,0,0,0,0,0,0,0,0,0,0,0,0,0,0,0,0,0
2025-02-11,1143679,Torre,A1,0,3,3,3,0,920,3000,2933.3333333333335,0,2933.3333333333335,0,0,0,0,0,0,0,0,0
2025-02-11,1143679,Torre,A2,0,1,1,1,0,0,2680,2880,0,2880,0,0,0,0,0,0,0,0,0
2025-02-11,1143679,Torre,B1,0,2,2,2,0,0,1820,1820,0,1820,0,0,0,0,0,0,0,0,0
2025-02-11,1143679,Torre,B2,0,10,9,10,0,0,1850,1820,0,1820,0,0,0,0,0,0,0,0,0
2025-02-11,1143679,Torre,B3,0,4,3,4,0,457.4375,1925,2037.5,0,2037.5,0,0,0,0,0,0,0,0,0
2025-02-11,1143679,Torre,B4,0,2,2,2,0,1892.5,2000,2100,0,2100,0,0,0,0,0,0,0,0,0
2025-02-11,1143679,Torre,B5 - SHARED,0,44,43,44,459.72727272727275,424.4818181818182,1005.2272727272727,961.8181818181819,0,961.8181818181819,0,0,0,0,0,0,0,0,0
2025-02-11,1143679,Torre,B5.2 DELUXE,0,12,6,12,0,315.2233333333333,1853.3333333333333,886.6666666666666,0,886.6666666666666,0,0,0,0,0,0,0,0,0
2025-02-11,1143679,Torre,B6 DELUXE,0,36,28,36,740,697.3725000000001,1946.25,970.625,0,970.625,0,0,0,0,0,0,0,0,0
2025-02-11,1143679,Torre,B7 - SEMI-SHARED,0,12,8,12,367.5,838.6875,960,863.75,0,863.75,0,0,0,0,0,0,0,0,0
2025-02-11,1143679,Torre,B8 DELUXE,0,28,20,28,0,582.5,1760,885,0,885,0,0,0,0,0,0,0,0,0
2025-02-11,1143679,Torre,B9 - SHARED,0,24,24,24,131.95652173913044,124.92391304347827,733.4782608695652,893.0434782608696,0,893.0434782608696,0,0,0,0,0,0,0,0,0
2025-02-11,1143679,Torre,C1,0,3,3,3,1450,1535,1610,1615,0,1615,0,0,0,0,0,0,0,0,0
2025-02-11,1143679,Torre,C2 - SEMI-SHARED,0,16,10,16,0,1145,1580,1215,0,1215,0,0,0,0,0,0,0,0,0
2025-02-11,1143679,Torre,C3,0,21,21,21,0,577.0173684210527,1655,1725.5263157894738,0,1725.5263157894738,0,0,0,0,0,0,0,0,0
2025-02-11,1143679,Torre,D1,0,28,21,28,0,0,1535,1535,0,1535,0,0,0,0,0,0,0,0,0
2025-02-11,1143679,Torre,D2 - SEMI-SHARED,0,5,4,5,0,0,1355,1535,0,1535,0,0,0,0,0,0,0,0,0
2025-02-11,1143679,Torre,D3 - SEMI-SHARED,0,12,10,12,0,0,0,0,0,0,0,0,0,0,0,0,0,0,0
2025-02-11,1143679,Torre,D4 - SEMI-SHARED,0,12,10,12,0,0,0,0,0,0,0,0,0,0,0,0,0,0,0
2025-02-11,1143679,Torre,S1,0,1,1,1,0,0,0,1386,0,1386,0,0,0,0,0,0,0,0,0
2025-02-11,1143679,Torre,S2,0,14,14,14,0,590.93,1101.2857142857142,1259.9285714285713,0,1259.9285714285713,0,0,0,0,0,0,0,0,0
2025-02-11,1143679,Torre,TH - C1,0,6,6,6,0,973.3333333333334,1535,1594.3333333333333,0,1594.3333333333333,0,0,0,0,0,0,0,0,0
2025-02-11,1143679,Torre,TH - C2,0,6,6,6,299.8,584,1535,1520.6,0,1520.6,0,0,0,0,0,0,0,0,0
2025-02-11,1143679,Torre,TH - C3,0,3,3,3,0,0,1750,1916.6666666666667,0,1916.6666666666667,0,0,0,0,0,0,0,0,0
2025-02-11,1143679,Torre,TH - C3.1,0,3,3,3,0,0,3500,1916.6666666666667,0,1916.6666666666667,0,0,0,0,0,0,0,0,0
2025-02-11,1143679,Torre,TH - C4,0,12,12,12,136.27272727272728,788.1818181818181,1535,1515.3636363636363,0,1515.3636363636363,0,0,0,0,0,0,0,0,0
2025-02-11,1143679,Torre,TH - D1,0,56,55,56,107.14545454545454,449.9467272727273,1495.8181818181818,1540.4545454545455,0,1540.4545454545455,0,0,0,0,0,0,0,0,0
2025-02-11,1143679,Torre,TH - D1.2,0,32,32,32,270.44,672.7488,1180.8,1498.48,0,1498.48,0,0,0,0,0,0,0,0,0
2025-02-11,1143679,Torre,TH - D2,0,8,8,8,0,412.85714285714283,1487.142857142857,1588.4285714285713,0,1588.4285714285713,0,0,0,0,0,0,0,0,0
2025-02-11,1143679,Torre,TH - D3,0,4,4,4,0,0,757.5,1495,0,1495,0,0,0,0,0,0,0,0,0
2025-02-11,1143679,Torre,TH - D4 - SEMI-SHARED,0,10,10,10,0,0,717.1428571428571,1359.2857142857142,0,1359.2857142857142,0,0,0,0,0,0,0,0,0
2025-02-11,1143679,Torre,TH - D5,0,16,16,16,90.88235294117646,503.8235294117647,1226.4705882352941,1487.8823529411766,0,1487.8823529411766,0,0,0,0,0,0,0,0,0
2025-02-11,1143679,Torre,TH - D6 - SEMI-SHARED,0,15,12,15,107.3076923076923,640.0015384615385,1243.076923076923,1407.8461538461538,0,1407.8461538461538,0,0,0,0,0,0,0,0,0
2025-02-11,1143679,Torre,TH - D8 - SEMI-SHARED,0,6,6,6,1234,1345,1595,0,0,0,0,0,0,0,0,0,0,0,0
2025-02-11,1143679,Torre,TH - D9,0,15,15,15,0,0,1388.3333333333333,1489.3333333333333,0,1489.3333333333333,0,0,0,0,0,0,0,0,0
2025-02-11,1143679,Torre,TH - E1,0,10,10,10,433,466.6666666666667,1480,1545.5555555555557,0,1545.5555555555557,0,0,0,0,0,0,0,0,0
2025-02-11,1143679,Torre,TH - F1,0,18,18,18,691,634.1657142857143,1536.4285714285713,1546.142857142857,0,1546.142857142857,0,0,0,0,0,0,0,0,0
2025-02-11,1143679,Torre,TH - F2,0,6,6,6,0,0,1655,1688.3333333333333,0,1688.3333333333333,0,0,0,0,0,0,0,0,0
2025-02-11,1143679,Torre,TH - F3,0,6,4,6,797,731.665,1565,1587,0,1587,0,0,0,0,0,0,0,0,0
2025-02-11,1143679,Torre,TH - F4,0,18,16,18,0,290.5,1510.6666666666667,1485.1333333333334,0,1485.1333333333334,0,0,0,0,0,0,0,0,0
2025-02-11,1143679,Torre,TH - F5,0,18,16,18,98.6875,92.7775,1499.0625,1664.6875,0,1664.6875,0,0,0,0,0,0,0,0,0
2025-02-11,1311849,Venue at North Campus,Not Selected,0,0,0,0,0,0,0,0,0,0,0,0,0,0,0,0,0,0,0
2025-02-11,1311849,Venue at North Campus,A,0,6,6,6,799.5,747.44,1311.75,1800.75,0,1800.75,0,0,0,0,0,0,0,0,0
2025-02-11,1311849,Venue at North Campus,B,0,96,93,96,916.1025641025641,900.3976923076922,1138.4615384615386,1266.7435897435898,0,1266.7435897435898,0,0,0,0,0,0,0,0,0
2025-02-11,1311849,Venue at North Campus,D1,0,256,222,256,606.7213114754098,582.3934426229508,975.4918032786885,1040.8852459016393,0,1040.8852459016393,0,0,0,0,0,0,0,0,0
2025-02-11,1311849,Venue at North Campus,D2,0,64,49,64,827.7272727272727,807.4090909090909,995,1068.8181818181818,0,1068.8181818181818,0,0,0,0,0,0,0,0,0
2025-02-11,1311849,Venue at North Campus,D3,0,192,154,192,769.1590909090909,746.8320454545454,985,1051.6136363636363,0,1051.6136363636363,0,0,0,0,0,0,0,0,0
2025-02-11,1311849,Venue at North Campus,E,0,120,116,120,301.8378378378378,273.3737837837838,993.9639639639639,1081.8918918918919,0,1081.8918918918919,0,0,0,0,0,0,0,0,0
