report_date,property_id,property_name,unit_type,avg_sqft,avg_advertised_rate,total_unit_count,excluded_unit_count,rentable_unit_count,occupied_count,available_count,total_scheduled_rent,yoy_variance,avg_scheduled_rent,started_new_count_prior,started_new_count,started_renewal_count_prior,started_renewal_count,started_count_prior,started_count,started_percent,partially_completed_new_count_prior,partially_completed_new_count,partially_completed_renewal_count_prior,partially_completed_renewal_count,partially_completed_count_prior,partially_completed_count,partially_completed_percent,completed_new_count_prior,completed_new_count,completed_renewal_count_prior,completed_renewal_count,completed_count_prior,completed_count,completed_percent,approved_new_count_prior,approved_new_count,approved_renewal_count_prior,approved_renewal_count,approved_count_prior,approved_count,approved_percent,preleased_new_count_prior,preleased_new_count,preleased_renewal_count_prior,preleased_renewal_count,preleased_count_prior,preleased_count,preleased_percent_prior,preleased_percent
2025-02-12,739076,1008 S. 4th,B1,316,0,8,0,8,8,8,0,0,0,0,0,0,0,0,0,0,1,0,0,0,1,0,0,0,0,0,0,0,0,0,3,5,3,3,6,8,1,0,0,0,0,0,0,0,0
2025-02-12,739076,1008 S. 4th,B2,315,0,8,0,8,8,8,0,0,0,0,0,0,0,0,0,0,1,1,0,0,1,1,0.125,0,0,0,0,0,0,0,1,7,3,0,4,7,0.875,0,0,0,0,0,0,0,0
2025-02-12,739076,1008 S. 4th,B3,377,0,10,0,10,9,10,0,0,0,0,0,0,0,0,0,0,2,0,0,0,2,0,0,0,0,0,0,0,0,0,4,5,4,5,8,10,1,0,0,0,0,0,0,0,0
2025-02-12,739076,1008 S. 4th,B4,462,0,2,0,2,2,2,0,0,0,0,0,0,0,0,0,0,0,0,0,0,0,0,0,0,0,0,0,0,0,0,0,2,1,0,1,2,1,0,0,0,0,0,0,0,0
2025-02-12,739076,1008 S. 4th,B5,464,0,2,0,2,2,2,0,0,0,0,0,0,0,0,0,0,0,0,0,0,0,0,0,0,0,0,0,0,0,0,2,2,0,0,2,2,1,0,0,0,0,0,0,0,0
2025-02-12,739076,1008 S. 4th,C1,328,0,12,0,12,12,12,0,0,0,0,0,0,0,0,0,0,4,0,0,0,4,0,0,0,0,0,0,0,0,0,5,3,3,9,8,12,1,0,0,0,0,0,0,0,0
2025-02-12,739076,1008 S. 4th,D1,276,0,16,0,16,16,16,0,0,0,0,0,0,0,0,0,0,3,0,0,0,3,0,0,0,0,0,0,0,0,0,4,10,9,5,13,15,0.9375,0,0,0,0,0,0,0,0
2025-02-12,739076,1008 S. 4th,D1 Balcony,276,0,16,0,16,16,16,0,0,0,0,0,0,0,0,0,0,3,0,0,0,3,0,0,0,0,0,0,0,0,0,9,12,4,4,13,16,1,0,0,0,0,0,0,0,0
2025-02-12,739076,1008 S. 4th,D2,306,0,48,0,48,47,48,0,0,0,0,0,0,0,0,0,0,9,1,0,0,9,1,0.020833333333333332,0,0,0,0,0,0,0,23,26,16,21,39,47,0.9791666666666666,0,0,0,0,0,0,0,0
2025-02-12,739076,1008 S. 4th,D3 Balcony,345,0,12,0,12,10,12,0,0,0,0,0,0,0,0,0,0,0,0,0,0,0,0,0,0,0,0,0,0,0,0,9,10,2,0,11,10,0.8333333333333334,0,0,0,0,0,0,0,0
2025-02-12,739076,1008 S. 4th,M1 Murphy,321,0,4,0,4,4,4,0,0,0,0,0,0,0,0,0,0,0,0,0,0,0,0,0,0,0,0,0,0,0,0,2,2,0,2,2,4,1,0,0,0,0,0,0,0,0
2025-02-12,739076,1008 S. 4th,M1 Murphy Balcony,319,0,12,0,12,12,12,0,0,0,0,1,0,0,0,1,0.08333333333333333,1,0,0,0,1,0,0,0,0,0,0,0,0,0,8,8,2,4,10,12,1,0,0,0,0,0,0,0,0
2025-02-12,739076,1008 S. 4th,S1,432,0,4,0,4,4,4,0,0,0,0,0,0,0,0,0,0,1,0,0,0,1,0,0,0,0,0,0,0,0,0,2,3,1,1,3,4,1,0,0,0,0,0,0,0,0
2025-02-12,739076,1008 S. 4th,S2,406,0,4,0,4,4,4,0,0,0,0,0,0,0,0,0,0,0,0,0,0,0,0,0,0,0,0,0,0,0,0,2,3,2,1,4,4,1,0,0,0,0,0,0,0,0
2025-02-12,739085,1047 Commonwealth Avenue,Not Selected,0,0,0,0,0,0,0,0,0,0,0,0,0,0,0,0,0,0,0,0,0,0,0,0,0,0,0,0,0,0,0,0,0,0,0,0,0,0,0,0,0,0,0,0,0,0
2025-02-12,739085,1047 Commonwealth Avenue,S1,308.16,0,25,0,25,25,25,0,0,0,0,0,0,0,0,0,0,0,0,0,0,0,0,0,0,0,0,0,0,0,0,8,1,10,6,18,7,0.28,0,0,0,0,0,0,0,0
2025-02-12,739085,1047 Commonwealth Avenue,S10,528,0,4,0,4,2,4,0,0,0,0,0,0,0,0,0,0,0,0,0,0,0,0,0,0,0,0,0,0,0,0,0,0,1,0,1,0,0,0,0,0,0,0,0,0,0
2025-02-12,739085,1047 Commonwealth Avenue,S11,348.9166666666667,0,24,0,24,24,24,0,0,0,0,0,0,0,0,0,0,0,0,0,0,0,0,0,0,0,0,0,0,0,0,4,6,9,7,13,13,0.5416666666666666,0,0,0,0,0,0,0,0
2025-02-12,739085,1047 Commonwealth Avenue,S2,317.5,0,12,0,12,11,12,0,0,0,0,1,0,0,0,1,0.08333333333333333,0,0,0,0,0,0,0,0,0,0,0,0,0,0,0,1,4,5,4,6,0.5,0,0,0,0,0,0,0,0
2025-02-12,739085,1047 Commonwealth Avenue,S3,342.5882352941176,0,51,0,51,48,51,0,0,0,0,0,0,0,0,0,0,0,0,0,0,0,0,0,0,0,0,0,0,0,0,0,0,11,10,11,10,0.19607843137254902,0,0,0,0,0,0,0,0
2025-02-12,739085,1047 Commonwealth Avenue,S4,323.25,0,8,0,8,8,8,0,0,0,0,0,0,0,0,0,0,0,0,0,0,0,0,0,0,0,0,0,0,0,0,1,3,2,1,3,4,0.5,0,0,0,0,0,0,0,0
2025-02-12,739085,1047 Commonwealth Avenue,S5,346.4,0,10,0,10,10,10,0,0,0,0,0,0,0,0,0,0,0,0,0,0,0,0,0,0,0,0,0,0,0,0,0,0,4,3,4,3,0.3,0,0,0,0,0,0,0,0
2025-02-12,739085,1047 Commonwealth Avenue,S6,360.55172413793105,0,29,0,29,29,29,0,0,0,0,1,1,0,1,1,0.034482758620689655,0,0,0,0,0,0,0,0,0,0,0,0,0,0,7,0,7,5,14,5,0.1724137931034483,0,0,0,0,0,0,0,0
2025-02-12,739085,1047 Commonwealth Avenue,S7,442,0,4,0,4,3,4,0,0,0,0,0,0,0,0,0,0,0,0,0,0,0,0,0,0,0,0,0,0,0,0,0,0,1,1,1,1,0.25,0,0,0,0,0,0,0,0
2025-02-12,739085,1047 Commonwealth Avenue,S8,348.8181818181818,0,11,0,11,5,11,0,0,0,0,0,0,0,0,0,0,0,0,0,0,0,0,0,0,0,0,0,0,0,0,0,0,2,1,2,1,0.09090909090909091,0,0,0,0,0,0,0,0
2025-02-12,739085,1047 Commonwealth Avenue,S9,402.8,0,5,0,5,4,5,0,0,0,0,0,0,0,0,0,0,0,0,0,0,0,0,0,0,0,0,0,0,0,0,0,0,0,2,0,2,0.4,0,0,0,0,0,0,0,0
2025-02-12,739079,307 E. Daniel,D1,385,0,40,0,40,40,40,0,0,0,0,0,0,1,0,1,0.025,6,1,0,0,6,1,0.025,0,0,0,0,0,0,0,16,25,15,11,31,36,0.9,0,0,0,0,0,0,0,0
2025-02-12,739080,501 S. 6th,B1,573,0,2,0,2,2,2,0,0,0,0,0,0,0,0,0,0,0,0,0,0,0,0,0,0,0,0,0,0,0,0,0,2,2,0,2,2,1,0,0,0,0,0,0,0,0
2025-02-12,739080,501 S. 6th,B2,590,0,2,0,2,2,2,0,0,0,0,0,0,0,0,0,0,0,0,0,0,0,0,0,0,0,0,0,0,0,0,0,1,2,1,2,2,1,0,0,0,0,0,0,0,0
2025-02-12,739080,501 S. 6th,C1,444.75,0,12,0,12,12,12,0,0,0,0,0,0,0,0,0,0,2,1,0,0,2,1,0.08333333333333333,0,0,0,0,0,0,0,7,8,0,1,7,9,0.75,0,0,0,0,0,0,0,0
2025-02-12,739080,501 S. 6th,C2,448,0,12,0,12,12,12,0,0,0,0,0,0,0,0,0,0,1,0,0,0,1,0,0,0,0,0,0,0,0,0,8,12,3,0,11,12,1,0,0,0,0,0,0,0,0
2025-02-12,739080,501 S. 6th,D1,434,0,16,0,16,16,16,0,0,0,0,0,0,0,0,0,0,1,0,0,0,1,0,0,0,0,0,0,0,0,0,2,13,13,3,15,16,1,0,0,0,0,0,0,0,0
2025-02-12,739080,501 S. 6th,D2,366,0,16,0,16,16,16,0,0,0,0,0,0,0,0,0,0,4,0,0,0,4,0,0,0,0,0,0,0,0,0,4,10,7,6,11,16,1,0,0,0,0,0,0,0,0
2025-02-12,739080,501 S. 6th,D3 Townhome,483,0,4,0,4,4,4,0,0,0,0,0,0,0,0,0,0,1,0,0,0,1,0,0,0,0,0,0,0,0,0,3,0,0,4,3,4,1,0,0,0,0,0,0,0,0
2025-02-12,739080,501 S. 6th,E1 Townhome,452,0,20,0,20,20,20,0,0,0,0,0,0,0,0,0,0,2,1,0,0,2,1,0.05,0,0,0,0,0,0,0,5,19,11,0,16,19,0.95,0,0,0,0,0,0,0,0
2025-02-12,739080,501 S. 6th,E2 Townhome,493,0,20,0,20,20,20,0,0,0,0,0,0,0,0,0,0,0,1,0,0,0,1,0.05,0,0,0,0,0,0,0,4,14,13,2,17,16,0.8,0,0,0,0,0,0,0,0
2025-02-12,739084,908 S. 1st,A1,526.125,0,16,0,16,15,16,0,0,0,0,0,0,0,0,0,0,2,0,0,0,2,0,0,0,0,0,1,0,1,0.0625,9,7,4,8,13,15,0.9375,0,0,0,0,0,0,0,0
2025-02-12,739084,908 S. 1st,B1,307,0,8,0,8,8,8,0,0,0,0,0,0,0,0,0,0,1,0,0,0,1,0,0,0,2,0,0,0,2,0.25,3,6,2,0,5,6,0.75,0,0,0,0,0,0,0,0
2025-02-12,739084,908 S. 1st,B2,315,0,16,0,16,16,16,0,0,0,0,0,0,0,0,0,0,0,0,0,0,0,0,0,0,0,0,0,0,0,0,10,5,6,2,16,7,0.4375,0,0,0,0,0,0,0,0
2025-02-12,739084,908 S. 1st,B3,457,0,8,0,8,8,8,0,0,0,0,0,0,0,0,0,0,0,0,0,0,0,0,0,0,0,0,0,0,0,0,5,6,2,2,7,8,1,0,0,0,0,0,0,0,0
2025-02-12,739084,908 S. 1st,D1,311,0,16,0,16,16,16,0,0,0,0,0,0,0,0,0,0,3,1,0,0,3,1,0.0625,0,0,0,0,0,0,0,3,12,10,0,13,12,0.75,0,0,0,0,0,0,0,0
2025-02-12,739084,908 S. 1st,M1 Murphy,319,0,12,0,12,11,12,0,0,0,0,0,0,0,0,0,0,1,0,0,0,1,0,0,0,0,0,0,0,0,0,5,9,5,3,10,12,1,0,0,0,0,0,0,0,0
2025-02-12,739084,908 S. 1st,M1 Murphy Balcony,333.5625,0,16,0,16,15,16,0,0,0,0,0,0,0,0,0,0,0,0,0,0,0,0,0,0,0,0,0,0,0,0,7,12,5,4,12,16,1,0,0,0,0,0,0,0,0
2025-02-12,739084,908 S. 1st,M2 Murphy,349,0,4,0,4,3,4,0,0,0,0,0,0,0,0,0,0,0,0,0,0,0,0,0,0,0,0,0,0,0,0,4,2,0,2,4,4,1,0,0,0,0,0,0,0,0
2025-02-12,1115679,ANOVA uCity Square,Not Selected,0,0,0,0,0,0,0,0,0,0,0,0,0,0,0,0,0,0,0,0,0,0,0,0,0,0,0,0,0,0,0,0,0,0,0,0,0,0,0,0,0,0,0,0,0,0
2025-02-12,1115679,ANOVA uCity Square,A1,457,0,6,0,6,6,6,0,0,0,0,0,0,0,0,0,0,0,0,0,0,0,0,0,0,0,0,0,0,0,0,1,0,0,0,1,0,0,0,0,0,0,0,0,0,0
2025-02-12,1115679,ANOVA uCity Square,A2,478,0,17,0,17,14,17,0,0,0,0,0,0,2,0,2,0.11764705882352941,0,0,0,0,0,0,0,0,0,0,0,0,0,0,3,1,1,3,4,4,0.23529411764705882,0,0,0,0,0,0,0,0
2025-02-12,1115679,ANOVA uCity Square,A3,499,0,10,0,10,9,10,0,0,0,0,0,0,0,0,0,0,0,0,0,0,0,0,0,0,0,0,0,0,0,0,4,2,2,1,6,3,0.3,0,0,0,0,0,0,0,0
2025-02-12,1115679,ANOVA uCity Square,A4,472,0,20,0,20,20,20,0,0,0,0,0,0,0,0,0,0,0,0,0,0,0,0,0,0,0,0,0,0,0,0,0,2,2,2,2,4,0.2,0,0,0,0,0,0,0,0
2025-02-12,1115679,ANOVA uCity Square,A5,441,0,6,0,6,5,6,0,0,0,0,0,0,0,0,0,0,0,0,0,0,0,0,0,0,0,0,0,0,0,0,0,0,0,0,0,0,0,0,0,0,0,0,0,0,0
2025-02-12,1115679,ANOVA uCity Square,A6,512,0,5,0,5,4,5,0,0,0,0,0,0,0,0,0,0,0,0,0,0,0,0,0,0,0,0,0,0,0,0,2,0,0,0,2,0,0,0,0,0,0,0,0,0,0
2025-02-12,1115679,ANOVA uCity Square,A7,589,0,5,0,5,5,5,0,0,0,0,0,0,0,0,0,0,0,0,0,0,0,0,0,0,0,0,0,0,0,0,0,0,1,0,1,0,0,0,0,0,0,0,0,0,0
2025-02-12,1115679,ANOVA uCity Square,A8,657.0268817204301,0,186,0,186,168,186,0,0,0,0,0,1,6,1,6,0.03225806451612903,0,0,0,2,0,2,0.010752688172043012,0,0,0,1,0,1,0.005376344086021506,43,26,10,14,53,40,0.21505376344086022,0,0,0,0,0,0,0,0
2025-02-12,1115679,ANOVA uCity Square,B1,974,0,11,0,11,11,11,0,0,0,0,0,0,0,0,0,0,0,0,0,0,0,0,0,0,0,0,0,0,0,0,3,1,1,0,4,1,0.09090909090909091,0,0,0,0,0,0,0,0
2025-02-12,1115679,ANOVA uCity Square,B2,1008,0,22,0,22,20,22,0,0,0,0,0,0,0,0,0,0,0,0,0,0,0,0,0,1,0,0,0,1,0,0,4,2,1,5,5,7,0.3181818181818182,0,0,0,0,0,0,0,0
2025-02-12,1115679,ANOVA uCity Square,C1,1372,0,5,0,5,4,5,0,0,0,0,0,0,0,0,0,0,0,0,0,0,0,0,0,0,0,0,0,0,0,0,2,0,1,0,3,0,0,0,0,0,0,0,0,0,0
2025-02-12,1115679,ANOVA uCity Square,S1,360,0,168,0,168,159,168,0,0,0,0,0,1,1,1,1,0.005952380952380952,0,0,0,0,0,0,0,1,0,0,2,1,2,0.011904761904761904,24,23,8,13,32,36,0.21428571428571427,0,0,0,0,0,0,0,0
2025-02-12,641240,Academy 65,Not Selected,0,0,0,0,0,0,0,0,0,0,0,0,0,0,0,0,0,0,0,0,0,0,0,0,0,0,0,0,0,0,0,0,0,0,0,0,0,0,0,0,0,0,0,0,0,0
2025-02-12,641240,Academy 65,A1,463,0,10,0,10,10,10,0,0,0,0,0,0,0,0,0,0,0,0,0,0,0,0,0,0,0,0,0,0,0,0,1,0,1,5,2,5,0.5,0,0,0,0,0,0,0,0
2025-02-12,641240,Academy 65,B1,284.7142857142857,0,21,0,21,21,21,0,0,0,0,0,0,0,0,0,0,0,0,2,0,2,0,0,0,0,0,0,0,0,0,1,2,4,8,5,10,0.47619047619047616,0,0,0,0,0,0,0,0
2025-02-12,641240,Academy 65,B1 Semi-Shared,249,0,21,0,21,21,21,0,0,0,0,0,0,0,0,0,0,0,0,0,0,0,0,0,0,0,0,0,0,0,0,0,3,2,8,2,11,0.5238095238095238,0,0,0,0,0,0,0,0
2025-02-12,641240,Academy 65,C1 Study,389,0,3,0,3,3,3,0,0,0,0,0,0,0,0,0,0,0,0,0,0,0,0,0,0,0,0,0,0,0,0,2,0,0,0,2,0,0,0,0,0,0,0,0,0,0
2025-02-12,641240,Academy 65,D1 Balcony,276,0,40,0,40,38,40,0,0,0,0,0,0,0,0,0,0,0,0,0,0,0,0,0,0,0,0,0,0,0,0,0,5,1,6,1,11,0.275,0,0,0,0,0,0,0,0
2025-02-12,641240,Academy 65,D2,293.5,0,64,0,64,64,64,0,0,0,0,0,1,0,1,0,0,0,0,0,0,0,0,0,0,0,1,0,1,0,0,3,4,8,28,11,32,0.5,0,0,0,0,0,0,0,0
2025-02-12,641240,Academy 65,D3,243,0,20,0,20,20,20,0,0,0,0,0,2,0,2,0,0,0,0,0,0,0,0,0,0,0,0,0,0,0,0,2,1,5,8,7,9,0.45,0,0,0,0,0,0,0,0
2025-02-12,641240,Academy 65,D3 Semi-Shared,242.58333333333334,0,120,0,120,120,120,0,0,0,0,1,0,0,0,1,0.008333333333333333,0,0,0,0,0,0,0,0,0,0,0,0,0,0,0,1,26,27,26,28,0.23333333333333334,0,0,0,0,0,0,0,0
2025-02-12,641240,Academy 65,S1,396,0,5,0,5,5,5,0,0,0,0,0,0,0,0,0,0,0,0,0,0,0,0,0,0,0,0,0,0,0,0,0,0,2,2,2,2,0.4,0,0,0,0,0,0,0,0
2025-02-12,641240,Academy 65,S2,416,0,5,0,5,5,5,0,0,0,0,0,0,0,0,0,0,0,0,0,0,0,0,0,0,0,0,0,0,0,0,1,2,1,3,2,5,1,0,0,0,0,0,0,0,0
2025-02-12,676055,Academy Lincoln,Not Selected,0,0,0,0,0,0,0,0,0,0,0,0,0,0,0,0,0,0,0,0,0,0,0,0,0,0,0,0,0,0,0,0,0,0,0,0,0,0,0,0,0,0,0,0,0,0
2025-02-12,676055,Academy Lincoln,B1,334,0,30,0,30,30,30,0,0,0,0,0,0,0,0,0,0,0,0,0,0,0,0,0,0,0,0,0,0,0,0,14,12,13,16,27,28,0.9333333333333333,0,0,0,0,0,0,0,0
2025-02-12,676055,Academy Lincoln,B2,399.7368421052632,0,38,0,38,38,38,0,0,0,1,0,0,0,1,0,0,0,0,0,0,0,0,0,0,0,0,0,0,0,0,18,13,13,8,31,21,0.5526315789473685,0,0,0,0,0,0,0,0
2025-02-12,676055,Academy Lincoln,B3 Townhome,616,0,14,0,14,13,14,0,0,0,0,0,0,0,0,0,0,0,0,0,0,0,0,0,0,0,0,0,0,0,0,5,10,8,4,13,14,1,0,0,0,0,0,0,0,0
2025-02-12,676055,Academy Lincoln,C1,342.42857142857144,0,42,0,42,42,42,0,0,0,0,0,0,0,0,0,0,0,0,0,0,0,0,0,0,0,0,0,0,0,0,14,19,7,13,21,32,0.7619047619047619,0,0,0,0,0,0,0,0
2025-02-12,676055,Academy Lincoln,D1,303.9406779661017,0,472,0,472,466,472,0,0,0,2,5,2,1,4,6,0.012711864406779662,1,1,0,0,1,1,0.00211864406779661,1,1,0,0,1,1,0.00211864406779661,162,179,137,121,299,300,0.635593220338983,0,0,0,0,0,0,0,0
2025-02-12,676055,Academy Lincoln,D2,337,0,36,0,36,35,36,0,0,0,0,0,0,0,0,0,0,0,0,0,0,0,0,0,1,0,0,0,1,0,0,14,18,12,18,26,36,1,0,0,0,0,0,0,0,0
2025-02-12,1161867,Courts at Spring Mill Station,Not Selected,0,0,0,0,0,0,0,0,0,0,0,0,0,0,0,0,0,0,0,0,0,0,0,0,0,0,0,0,0,0,0,0,0,0,0,0,0,0,0,0,0,0,0,0,0,0
2025-02-12,1161867,Courts at Spring Mill Station,Studio,518,0,1,0,1,1,1,0,0,0,0,0,0,0,0,0,0,0,0,0,0,0,0,0,0,0,0,0,0,0,0,0,0,0,0,0,0,0,0,0,0,0,0,0,0,0
2025-02-12,1161867,Courts at Spring Mill Station,1 Bed 1 Bath,747.9659863945578,0,147,0,147,141,147,0,0,0,0,1,0,1,0,2,0.013605442176870748,0,0,0,0,0,0,0,0,1,0,0,0,1,0.006802721088435374,26,25,45,50,71,75,0.5102040816326531,0,0,0,0,0,0,0,0
2025-02-12,1161867,Courts at Spring Mill Station,1 Bed 1 Bath ADA,766,0,4,0,4,3,4,0,0,0,0,0,0,0,0,0,0,0,0,0,0,0,0,0,0,0,0,0,0,0,0,0,1,1,0,1,1,0.25,0,0,0,0,0,0,0,0
2025-02-12,1161867,Courts at Spring Mill Station,1 Bed 1 Bath Loft,935,0,12,0,12,6,12,0,0,0,0,0,0,0,0,0,0,0,0,0,0,0,0,0,0,1,1,0,1,1,0.08333333333333333,5,2,5,3,10,5,0.4166666666666667,0,0,0,0,0,0,0,0
2025-02-12,1161867,Courts at Spring Mill Station,1 Bed 1 Bath w/ Den,923.9677419354839,0,31,0,31,30,31,0,0,0,0,0,0,0,0,0,0,0,0,0,0,0,0,0,0,0,0,0,0,0,0,4,5,11,16,15,21,0.6774193548387096,0,0,0,0,0,0,0,0
2025-02-12,1161867,Courts at Spring Mill Station,1Bed1.5 Bath w/ Den,947,0,3,0,3,3,3,0,0,0,0,0,0,0,0,0,0,0,0,0,0,0,0,0,0,0,0,0,0,0,0,0,0,1,2,1,2,0.6666666666666666,0,0,0,0,0,0,0,0
2025-02-12,1161867,Courts at Spring Mill Station,1Bed1Bath Loftw/ Den,1170.6666666666667,0,3,0,3,2,3,0,0,0,0,0,0,0,0,0,0,0,0,0,0,0,0,0,0,0,0,0,0,0,0,2,1,0,0,2,1,0.3333333333333333,0,0,0,0,0,0,0,0
2025-02-12,1161867,Courts at Spring Mill Station,2 Bed 2 Bath,1098.5646258503402,0,147,0,147,142,147,0,0,0,0,0,3,3,3,3,0.02040816326530612,0,0,0,2,0,2,0.013605442176870748,0,0,0,0,0,0,0,18,23,39,41,57,64,0.43537414965986393,0,0,0,0,0,0,0,0
2025-02-12,1161867,Courts at Spring Mill Station,2 Bed 2 Bath ADA,1151,0,4,0,4,2,4,0,0,0,0,0,0,0,0,0,0,0,0,0,0,0,0,0,0,0,0,0,0,0,0,2,0,1,1,3,1,0.25,0,0,0,0,0,0,0,0
2025-02-12,1161867,Courts at Spring Mill Station,2 Bed 2 Bath Loft,1305,0,9,0,9,8,9,0,0,0,0,0,0,0,0,0,0,0,0,0,0,0,0,0,0,0,0,0,0,0,0,3,1,3,6,6,7,0.7777777777777778,0,0,0,0,0,0,0,0
2025-02-12,1161867,Courts at Spring Mill Station,2 Bed 2 Bath w/ Den,1295.2173913043478,0,23,0,23,20,23,0,0,0,0,0,0,0,0,0,0,0,0,0,1,0,1,0.043478260869565216,0,0,0,0,0,0,0,8,2,5,10,13,12,0.5217391304347826,0,0,0,0,0,0,0,0
2025-02-12,1161867,Courts at Spring Mill Station,2Bed2Bath Loftw/ Den,1419,0,1,0,1,1,1,0,0,0,0,0,0,0,0,0,0,0,0,0,0,0,0,0,0,0,0,0,0,0,0,0,0,0,0,0,0,0,0,0,0,0,0,0,0,0
2025-02-12,1161867,Courts at Spring Mill Station,COMMERCIAL,0,0,1,0,1,0,1,0,0,0,0,0,0,0,0,0,0,0,0,0,0,0,0,0,0,0,0,0,0,0,0,0,0,0,0,0,0,0,0,0,0,0,0,0,0,0
2025-02-12,952515,SOVA,Not Selected,0,0,0,0,0,0,0,0,0,0,0,0,0,0,0,0,0,0,0,0,0,0,0,0,0,0,0,0,0,0,0,0,0,0,0,0,0,0,0,0,0,0,0,0,0,0
2025-02-12,952515,SOVA,A1,611,0,20,0,20,19,20,0,0,0,0,0,0,0,0,0,0,0,0,0,0,0,0,0,0,0,1,0,1,0,0,4,4,10,17,14,21,1.05,0,0,0,0,0,0,0,0
2025-02-12,952515,SOVA,B1,413,0,64,0,64,64,64,0,0,0,0,0,0,0,0,0,0,0,0,0,0,0,0,0,0,0,1,0,1,0,0,24,8,21,39,45,47,0.734375,0,0,0,0,0,0,0,0
2025-02-12,952515,SOVA,B1 ALT,477,0,30,0,30,29,30,0,0,0,0,1,0,0,0,1,0.03333333333333333,0,0,0,0,0,0,0,2,0,3,0,5,0,0,6,0,11,11,17,11,0.36666666666666664,0,0,0,0,0,0,0,0
2025-02-12,952515,SOVA,C1,385,0,66,0,66,66,66,0,0,0,0,2,0,0,0,2,0.030303030303030304,0,0,0,0,0,0,0,1,0,1,0,2,0,0,22,17,24,35,46,52,0.7878787878787878,0,0,0,0,0,0,0,0
2025-02-12,952515,SOVA,D1,350.6623376623377,0,308,0,308,308,308,0,0,0,0,0,2,7,2,7,0.022727272727272728,0,0,0,0,0,0,0,9,0,1,0,10,0,0,49,2,100,116,149,118,0.38311688311688313,0,0,0,0,0,0,0,0
2025-02-12,952515,SOVA,D2,372,0,88,0,88,88,88,0,0,0,1,0,0,0,1,0,0,0,1,0,0,0,1,0.011363636363636364,2,0,0,0,2,0,0,30,11,31,31,61,42,0.4772727272727273,0,0,0,0,0,0,0,0
2025-02-12,952515,SOVA,D3,427,0,240,0,240,239,240,0,0,0,2,4,0,0,2,4,0.016666666666666666,0,0,0,0,0,0,0,6,0,0,0,6,0,0,31,20,96,81,127,101,0.42083333333333334,0,0,0,0,0,0,0,0
2025-02-12,518044,Shortbread Lofts,Not Selected,0,0,0,0,0,0,0,0,0,0,0,0,0,0,0,0,0,0,0,0,0,0,0,0,0,0,0,0,0,0,0,0,0,0,0,0,0,0,0,0,0,0,0,0,0,0
2025-02-12,518044,Shortbread Lofts,B1,319.325,0,40,0,40,40,40,0,0,0,0,0,0,0,0,0,0,3,0,0,0,3,0,0,0,0,0,0,0,0,0,29,33,8,7,37,40,1,0,0,0,0,0,0,0,0
2025-02-12,518044,Shortbread Lofts,B2,453.6,0,10,0,10,10,10,0,0,0,0,0,0,0,0,0,0,1,0,0,0,1,0,0,0,0,0,0,0,0,0,8,8,1,2,9,10,1,0,0,0,0,0,0,0,0
2025-02-12,518044,Shortbread Lofts,B3,499,0,2,0,2,2,2,0,0,0,0,0,0,0,0,0,0,0,0,0,0,0,0,0,0,0,0,0,0,0,0,0,0,2,2,2,2,1,0,0,0,0,0,0,0,0
2025-02-12,518044,Shortbread Lofts,B4,492,0,2,0,2,2,2,0,0,0,0,0,0,0,0,0,0,0,0,0,0,0,0,0,0,0,0,0,0,0,0,0,0,1,2,1,2,1,0,0,0,0,0,0,0,0
2025-02-12,518044,Shortbread Lofts,C1,338.64285714285717,0,56,0,56,56,56,0,0,0,0,0,0,0,0,0,0,4,1,0,0,4,1,0.017857142857142856,0,0,0,0,0,0,0,39,49,6,6,45,55,0.9821428571428571,0,0,0,0,0,0,0,0
2025-02-12,518044,Shortbread Lofts,C2,228,0,6,0,6,6,6,0,0,0,0,0,0,0,0,0,0,1,0,0,0,1,0,0,0,0,0,0,0,0,0,5,6,0,0,5,6,1,0,0,0,0,0,0,0,0
2025-02-12,518044,Shortbread Lofts,C3,324,0,20,0,20,20,20,0,0,0,1,0,0,0,1,0,0,1,0,0,0,1,0,0,0,0,0,0,0,0,0,18,20,0,0,18,20,1,0,0,0,0,0,0,0,0
2025-02-12,518044,Shortbread Lofts,C4,278.4583333333333,0,24,0,24,24,24,0,0,0,0,0,0,0,0,0,0,5,0,0,0,5,0,0,0,0,0,0,0,0,0,17,22,2,2,19,24,1,0,0,0,0,0,0,0,0
2025-02-12,518044,Shortbread Lofts,D1,269.55121951219513,0,205,0,205,205,205,0,0,0,0,0,0,0,0,0,0,24,0,0,0,24,0,0,2,0,0,0,2,0,0,171,200,4,2,175,202,0.9853658536585366,0,0,0,0,0,0,0,0
2025-02-12,518044,Shortbread Lofts,D2,307.77777777777777,0,9,0,9,9,9,0,0,0,0,0,0,0,0,0,0,2,0,0,0,2,0,0,0,0,0,0,0,0,0,3,7,1,2,4,9,1,0,0,0,0,0,0,0,0
2025-02-12,577897,Station Nine,Not Selected,0,0,0,0,0,0,0,0,0,0,0,0,0,0,0,0,0,0,0,0,0,0,0,0,0,0,0,0,0,0,0,0,0,0,0,0,0,0,0,0,0,0,0,0,0,0
2025-02-12,577897,Station Nine,One Bedroom Waitlist,0,0,0,0,0,0,0,0,0,0,0,0,0,0,0,0,0,0,0,0,0,0,0,0,0,0,0,0,0,0,0,0,6,0,0,0,6,0,0,0,0,0,0,0,0,0
2025-02-12,577897,Station Nine,Two Bedroom Waitlist,0,0,0,0,0,0,0,0,0,0,0,0,0,0,0,0,0,0,0,0,0,0,0,0,0,0,0,0,0,0,0,0,4,0,0,0,4,0,0,0,0,0,0,0,0,0
2025-02-12,577897,Station Nine,a1a 1F Courtyard Stack,733,0,12,0,12,12,12,0,0,0,0,0,0,0,0,0,0,0,0,0,0,0,0,0,0,0,0,0,0,0,0,2,0,0,1,2,1,0.08333333333333333,0,0,0,0,0,0,0,0
2025-02-12,577897,Station Nine,a1a 1F Pool Stack,733,0,4,0,4,4,4,0,0,0,0,0,0,0,0,0,0,0,0,0,0,0,0,0,0,0,0,0,0,0,0,1,1,0,0,1,1,0.25,0,0,0,0,0,0,0,0
2025-02-12,577897,Station Nine,a1a 1F Stack,733,0,12,0,12,12,12,0,0,0,0,0,0,0,0,0,0,0,0,0,0,0,0,0,0,0,0,0,0,0,0,2,3,1,1,3,4,0.3333333333333333,0,0,0,0,0,0,0,0
2025-02-12,577897,Station Nine,a1a Courtyard Stack,733,0,24,0,24,24,24,0,0,0,0,0,0,0,0,0,0,0,0,0,0,0,0,0,0,0,0,0,0,0,0,4,6,1,1,5,7,0.2916666666666667,0,0,0,0,0,0,0,0
2025-02-12,577897,Station Nine,a1a Pool Stack,733,0,10,0,10,10,10,0,0,0,0,0,0,0,0,0,0,0,0,0,0,0,0,0,0,0,0,0,0,0,0,3,1,0,1,3,2,0.2,0,0,0,0,0,0,0,0
2025-02-12,577897,Station Nine,a1a TF Pool Stack,733,0,1,0,1,1,1,0,0,0,0,0,0,0,0,0,0,0,0,0,0,0,0,0,0,0,0,0,0,0,0,0,0,0,0,0,0,0,0,0,0,0,0,0,0,0
2025-02-12,577897,Station Nine,a1a TF Stack,733,0,4,0,4,4,4,0,0,0,0,0,0,0,0,0,0,0,0,0,0,0,0,0,0,0,0,0,0,0,0,0,1,0,0,0,1,0.25,0,0,0,0,0,0,0,0
2025-02-12,577897,Station Nine,a1a stack,733,0,23,0,23,21,23,0,0,0,0,0,0,0,0,0,0,0,0,0,0,0,0,0,0,0,0,0,0,0,0,3,6,1,1,4,7,0.30434782608695654,0,0,0,0,0,0,0,0
2025-02-12,577897,Station Nine,a1al TF Courtyard Stack,874,0,12,0,12,12,12,0,0,0,0,0,0,1,0,1,0.08333333333333333,0,0,0,0,0,0,0,0,0,0,0,0,0,0,3,2,0,0,3,2,0.16666666666666666,0,0,0,0,0,0,0,0
2025-02-12,577897,Station Nine,a1al TF Pool Stack,874,0,4,0,4,3,4,0,0,0,0,0,0,0,0,0,0,0,0,0,0,0,0,0,0,0,0,0,0,0,0,0,1,0,0,0,1,0.25,0,0,0,0,0,0,0,0
2025-02-12,577897,Station Nine,a1al TF Stack,874,0,8,0,8,8,8,0,0,0,0,0,0,0,0,0,0,0,0,0,0,0,0,0,0,0,0,0,0,0,0,1,0,0,1,1,1,0.125,0,0,0,0,0,0,0,0
2025-02-12,577897,Station Nine,a1b Pool Stack,733,0,2,0,2,2,2,0,0,0,0,0,0,0,0,0,0,0,0,0,0,0,0,0,0,0,0,0,0,0,0,0,1,0,0,0,1,0.5,0,0,0,0,0,0,0,0
2025-02-12,577897,Station Nine,a1b Stack,733,0,1,0,1,1,1,0,0,0,0,0,0,0,0,0,0,0,0,0,0,0,0,0,0,0,0,0,0,0,0,0,0,0,0,0,0,0,0,0,0,0,0,0,0,0
2025-02-12,577897,Station Nine,a1bl TF Pool Stack,876,0,1,0,1,1,1,0,0,0,0,0,0,0,0,0,0,0,0,0,0,0,0,0,0,0,0,0,0,0,0,0,0,0,0,0,0,0,0,0,0,0,0,0,0,0
2025-02-12,577897,Station Nine,a1bl TF Stack,876,0,1,0,1,1,1,0,0,0,0,0,0,0,0,0,0,0,0,0,0,0,0,0,0,0,0,0,0,0,0,1,0,0,0,1,0,0,0,0,0,0,0,0,0,0
2025-02-12,577897,Station Nine,a1c 1F Stack,732,0,1,0,1,1,1,0,0,0,0,0,0,0,0,0,0,0,0,0,0,0,0,0,0,0,0,0,0,0,0,0,1,0,0,0,1,1,0,0,0,0,0,0,0,0
2025-02-12,577897,Station Nine,a1hc 1F Pool Side by Side,733,0,1,0,1,1,1,0,0,0,0,0,0,0,0,0,0,0,0,0,0,0,0,0,0,0,0,0,0,0,0,0,0,0,0,0,0,0,0,0,0,0,0,0,0,0
2025-02-12,577897,Station Nine,a1hc 1F Side by Side,733,0,1,0,1,1,1,0,0,0,0,0,0,0,0,0,0,0,0,0,0,0,0,0,0,0,0,0,0,0,0,1,0,0,0,1,0,0,0,0,0,0,0,0,0,0
2025-02-12,577897,Station Nine,a1hc 1F Stack,733,0,1,0,1,1,1,0,0,0,0,0,0,0,0,0,0,0,0,0,0,0,0,0,0,0,0,0,0,0,0,1,0,0,0,1,0,0,0,0,0,0,0,0,0,0
2025-02-12,577897,Station Nine,a1hc Pool Side by Side,733,0,2,0,2,2,2,0,0,0,0,0,0,0,0,0,0,0,0,0,0,0,0,0,0,0,0,0,0,0,0,0,1,0,0,0,1,0.5,0,0,0,0,0,0,0,0
2025-02-12,577897,Station Nine,a1hc Side by Side,733,0,3,0,3,3,3,0,0,0,0,0,0,0,0,0,0,0,0,0,0,0,0,0,0,0,0,0,0,0,0,2,0,0,0,2,0,0,0,0,0,0,0,0,0,0
2025-02-12,577897,Station Nine,a1hc TF Pool Side by Side,733,0,1,0,1,1,1,0,0,0,0,0,0,0,0,0,0,0,0,0,0,0,0,0,0,0,0,0,0,0,0,0,1,0,0,0,1,1,0,0,0,0,0,0,0,0
2025-02-12,577897,Station Nine,a1hc TF Side by Side,733,0,2,0,2,2,2,0,0,0,0,0,0,0,0,0,0,0,0,0,0,0,0,0,0,0,0,0,0,0,0,1,0,0,0,1,0,0,0,0,0,0,0,0,0,0
2025-02-12,577897,Station Nine,a2 1F Pool Side by Side,863,0,1,0,1,1,1,0,0,0,0,0,0,0,0,0,0,0,0,0,0,0,0,0,0,0,0,0,0,0,0,0,1,0,0,0,1,1,0,0,0,0,0,0,0,0
2025-02-12,577897,Station Nine,a2 Pool Side by Side,863,0,2,0,2,2,2,0,0,0,0,0,0,0,0,0,0,0,0,0,0,0,0,0,0,0,0,0,0,0,0,0,1,0,0,0,1,0.5,0,0,0,0,0,0,0,0
2025-02-12,577897,Station Nine,a2 TF Pool Side by Side,863,0,1,0,1,1,1,0,0,0,0,0,0,0,0,0,0,0,0,0,0,0,0,0,0,0,0,0,0,0,0,0,0,0,1,0,1,1,0,0,0,0,0,0,0,0
2025-02-12,577897,Station Nine,a3a 1F Pool Side by Side,926,0,4,0,4,1,4,0,0,0,0,0,0,0,0,0,0,0,0,0,0,0,0,0,0,0,0,0,0,0,0,1,0,0,0,1,0,0,0,0,0,0,0,0,0,0
2025-02-12,577897,Station Nine,a3a 1F Side by Side,926,0,2,0,2,2,2,0,0,0,0,0,0,0,0,0,0,0,0,0,0,0,0,0,0,0,0,0,0,0,0,0,0,0,0,0,0,0,0,0,0,0,0,0,0,0
2025-02-12,577897,Station Nine,a3a Pool Side by Side,926,0,8,0,8,8,8,0,0,0,0,0,0,0,0,0,0,0,0,0,0,0,0,0,0,0,0,0,0,0,0,3,2,0,0,3,2,0.25,0,0,0,0,0,0,0,0
2025-02-12,577897,Station Nine,a3a Side by Side,926,0,4,0,4,4,4,0,0,0,0,0,0,0,0,0,0,0,0,0,0,0,0,0,0,0,0,0,0,0,0,0,1,0,0,0,1,0.25,0,0,0,0,0,0,0,0
2025-02-12,577897,Station Nine,a3a TF Pool Side by Side,926,0,2,0,2,2,2,0,0,0,0,0,0,0,0,0,0,0,0,0,0,0,0,0,0,0,0,0,0,0,0,0,1,0,0,0,1,0.5,0,0,0,0,0,0,0,0
2025-02-12,577897,Station Nine,a3a TF Side by Side,926,0,2,0,2,2,2,0,0,0,0,0,0,0,0,0,0,0,0,0,0,0,0,0,0,0,0,0,0,0,0,1,0,1,1,2,1,0.5,0,0,0,0,0,0,0,0
2025-02-12,577897,Station Nine,a3al TF Pool Side by Side,1073,0,1,0,1,1,1,0,0,0,0,0,0,0,0,0,0,0,0,0,0,0,0,0,0,0,0,0,0,0,0,0,0,0,0,0,0,0,0,0,0,0,0,0,0,0
2025-02-12,577897,Station Nine,a3al TF Pool Stack,1073,0,1,0,1,1,1,0,0,0,0,0,0,0,0,0,0,0,0,0,0,0,0,0,0,0,0,0,0,0,0,0,0,0,0,0,0,0,0,0,0,0,0,0,0,0
2025-02-12,577897,Station Nine,a3b 1F Side by Side,935,0,2,0,2,2,2,0,0,0,0,0,0,0,0,0,0,0,0,0,0,0,0,0,0,0,0,0,0,0,0,0,0,0,0,0,0,0,0,0,0,0,0,0,0,0
2025-02-12,577897,Station Nine,a3b Side by Side,935,0,6,0,6,6,6,0,0,0,0,0,0,0,0,0,0,0,0,0,0,0,0,0,0,0,0,0,0,0,0,0,2,0,0,0,2,0.3333333333333333,0,0,0,0,0,0,0,0
2025-02-12,577897,Station Nine,a3b TF Side by Side,935,0,2,0,2,2,2,0,0,0,0,0,0,0,0,0,0,0,0,0,0,0,0,0,0,0,0,0,0,0,0,0,0,0,0,0,0,0,0,0,0,0,0,0,0,0
2025-02-12,577897,Station Nine,a3bl TF Side by Side,1082,0,2,0,2,2,2,0,0,0,0,0,0,0,0,0,0,0,0,0,0,0,0,0,0,0,0,0,0,0,0,0,1,0,0,0,1,0.5,0,0,0,0,0,0,0,0
2025-02-12,577897,Station Nine,a3c Side by Side,949,0,1,0,1,0,1,0,0,0,0,0,0,0,0,0,0,0,0,0,0,0,0,0,0,0,0,0,0,0,0,1,0,0,0,1,0,0,0,0,0,0,0,0,0,0
2025-02-12,577897,Station Nine,a3c TF Side by Side,949,0,1,0,1,1,1,0,0,0,0,0,0,0,0,0,0,0,0,0,0,0,0,0,0,0,0,0,0,0,0,0,0,0,0,0,0,0,0,0,0,0,0,0,0,0
2025-02-12,577897,Station Nine,a3d Side by Side,958,0,2,0,2,2,2,0,0,0,0,0,0,0,0,0,0,0,0,0,0,0,0,0,0,0,0,0,0,0,0,1,2,0,0,1,2,1,0,0,0,0,0,0,0,0
2025-02-12,577897,Station Nine,a3dl TF Side by Side,1129,0,1,0,1,0,1,0,0,0,0,0,0,0,0,0,0,0,0,0,0,0,0,0,0,0,0,0,0,0,0,1,0,0,0,1,0,0,0,0,0,0,0,0,0,0
2025-02-12,577897,Station Nine,a4 1F Side by Side,759,0,1,0,1,1,1,0,0,0,0,0,0,0,0,0,0,0,0,0,0,0,0,0,0,0,0,0,0,0,0,0,0,0,0,0,0,0,0,0,0,0,0,0,0,0
2025-02-12,577897,Station Nine,a4 1F Stack,759,0,1,0,1,0,1,0,0,0,0,0,0,0,0,0,0,0,0,0,0,0,0,0,0,0,0,0,0,0,0,0,0,0,0,0,0,0,0,0,0,0,0,0,0,0
2025-02-12,577897,Station Nine,a4 Stack,759,0,4,0,4,3,4,0,0,0,0,0,0,0,0,0,0,0,0,0,0,0,0,0,0,0,0,0,0,0,0,0,0,0,1,0,1,0.25,0,0,0,0,0,0,0,0
2025-02-12,577897,Station Nine,a4 TF Stack,759,0,2,0,2,2,2,0,0,0,0,0,0,0,0,0,0,0,0,0,0,0,0,0,0,0,0,0,0,0,0,0,1,0,0,0,1,0.5,0,0,0,0,0,0,0,0
2025-02-12,577897,Station Nine,a5 1F Pool Side by Side Terrace,887,0,1,0,1,1,1,0,0,0,0,0,0,0,0,0,0,0,0,0,0,0,0,0,0,0,0,0,0,0,0,0,0,0,0,0,0,0,0,0,0,0,0,0,0,0
2025-02-12,577897,Station Nine,a5 Pool Side by Side Terrace,887,0,2,0,2,2,2,0,0,0,0,0,0,0,0,0,0,0,0,0,0,0,0,0,0,0,0,0,0,0,0,2,0,0,0,2,0,0,0,0,0,0,0,0,0,0
2025-02-12,577897,Station Nine,a5 TF Pool Side by Side Terrace,887,0,1,0,1,1,1,0,0,0,0,0,0,0,0,0,0,0,0,0,0,0,0,0,0,0,0,0,0,0,0,0,0,0,0,0,0,0,0,0,0,0,0,0,0,0
2025-02-12,577897,Station Nine,a6 Stack,1137,0,1,0,1,1,1,0,0,0,0,0,0,0,0,0,0,0,0,0,0,0,0,0,0,0,0,0,0,0,0,0,0,0,0,0,0,0,0,0,0,0,0,0,0,0
2025-02-12,577897,Station Nine,b1 1F Courtyard Side by Side,1066,0,4,0,4,4,4,0,0,0,0,0,0,0,0,0,0,0,0,0,0,0,0,0,0,0,0,0,0,0,0,0,0,0,0,0,0,0,0,0,0,0,0,0,0,0
2025-02-12,577897,Station Nine,b1 1F Pool Side by Side,1066,0,2,0,2,2,2,0,0,0,0,0,0,0,0,0,0,0,0,0,0,0,0,0,0,0,0,0,0,0,0,0,0,0,0,0,0,0,0,0,0,0,0,0,0,0
2025-02-12,577897,Station Nine,b1 1F Side by Side,1066,0,9,0,9,9,9,0,0,0,0,0,0,0,0,0,0,0,0,0,0,0,0,0,0,0,0,0,0,0,0,1,1,0,0,1,1,0.1111111111111111,0,0,0,0,0,0,0,0
2025-02-12,577897,Station Nine,b1 Courtyard Side by Side,1066,0,8,0,8,8,8,0,0,0,0,0,0,0,0,0,0,0,0,0,0,0,0,0,0,0,0,0,0,0,0,2,0,0,0,2,0,0,0,0,0,0,0,0,0,0
2025-02-12,577897,Station Nine,b1 Pool Side by Side,1066,0,4,0,4,4,4,0,0,0,0,0,0,0,0,0,0,0,0,0,0,0,0,0,0,0,0,0,0,0,0,0,0,0,0,0,0,0,0,0,0,0,0,0,0,0
2025-02-12,577897,Station Nine,b1 Side by Side,1066,0,19,0,19,17,19,0,0,0,0,0,0,0,0,0,0,0,0,0,0,0,0,0,0,0,0,0,0,0,0,2,0,0,0,2,0,0,0,0,0,0,0,0,0,0
2025-02-12,577897,Station Nine,b1 TF Side by Side,1066,0,3,0,3,3,3,0,0,0,0,0,0,0,0,0,0,0,0,0,0,0,0,0,0,0,0,0,0,0,0,0,0,0,0,0,0,0,0,0,0,0,0,0,0,0
2025-02-12,577897,Station Nine,b1al TF Courtyard Side by Side,1206,0,4,0,4,4,4,0,0,0,0,0,0,0,0,0,0,0,0,0,0,0,0,0,0,0,0,0,0,0,0,0,0,0,0,0,0,0,0,0,0,0,0,0,0,0
2025-02-12,577897,Station Nine,b1al TF Pool Side by Side,1206,0,1,0,1,1,1,0,0,0,0,0,0,0,0,0,0,0,0,0,0,0,0,0,0,0,0,0,0,0,0,0,0,0,0,0,0,0,0,0,0,0,0,0,0,0
2025-02-12,577897,Station Nine,b1al TF Side by Side,1206,0,6,0,6,5,6,0,0,0,0,0,0,0,0,0,0,0,0,0,0,0,0,0,0,0,0,0,0,0,0,1,1,0,0,1,1,0.16666666666666666,0,0,0,0,0,0,0,0
2025-02-12,577897,Station Nine,b1bl TF Pool Side by Side,1193,0,1,0,1,1,1,0,0,0,0,0,0,0,0,0,0,0,0,0,0,0,0,0,0,0,0,0,0,0,0,0,0,0,0,0,0,0,0,0,0,0,0,0,0,0
2025-02-12,577897,Station Nine,b1bl TF Side by Side,1193,0,4,0,4,3,4,0,0,0,0,0,0,0,0,0,0,0,0,0,0,0,0,0,0,0,0,0,0,0,0,1,1,0,0,1,1,0.25,0,0,0,0,0,0,0,0
2025-02-12,577897,Station Nine,b1hc 1F Side by Side,1066,0,1,0,1,0,1,0,0,0,0,0,0,0,0,0,0,0,0,0,0,0,0,0,0,0,0,0,0,0,0,0,0,0,0,0,0,0,0,0,0,0,0,0,0,0
2025-02-12,577897,Station Nine,b1hc Side by Side,1066,0,3,0,3,3,3,0,0,0,0,0,0,0,0,0,0,0,0,0,0,0,0,0,0,0,0,0,0,0,0,1,0,0,0,1,0,0,0,0,0,0,0,0,0,0
2025-02-12,577897,Station Nine,b2a 1F Courtyard Side by Side,1150,0,2,0,2,2,2,0,0,0,0,0,0,0,0,0,0,0,0,0,0,0,0,0,0,0,0,0,0,0,0,0,0,2,1,2,1,0.5,0,0,0,0,0,0,0,0
2025-02-12,577897,Station Nine,b2a 1F Side by Side,1150,0,2,0,2,2,2,0,0,0,0,0,0,0,0,0,0,0,0,0,0,0,0,0,0,0,0,0,0,0,0,0,0,0,0,0,0,0,0,0,0,0,0,0,0,0
2025-02-12,577897,Station Nine,b2a Courtyard Side by Side,1150,0,4,0,4,4,4,0,0,0,0,0,0,0,0,0,0,0,0,0,0,0,0,0,0,0,0,0,0,0,0,0,1,0,0,0,1,0.25,0,0,0,0,0,0,0,0
2025-02-12,577897,Station Nine,b2a Side by Side,1150,0,4,0,4,4,4,0,0,0,0,0,0,1,0,1,0.25,0,0,0,0,0,0,0,0,0,0,0,0,0,0,1,0,0,0,1,0,0,0,0,0,0,0,0,0,0
2025-02-12,577897,Station Nine,b2al TF Courtyard Side by Side,1384,0,2,0,2,2,2,0,0,0,0,0,0,0,0,0,0,0,0,0,0,0,0,0,0,0,0,0,0,0,0,0,0,0,0,0,0,0,0,0,0,0,0,0,0,0
2025-02-12,577897,Station Nine,b2al TF Side by Side,1384,0,1,0,1,1,1,0,0,0,0,0,0,0,0,0,0,0,0,0,0,0,0,0,0,0,0,0,0,0,0,0,0,0,0,0,0,0,0,0,0,0,0,0,0,0
2025-02-12,577897,Station Nine,b2b 1F Courtyard Side by Side,1177,0,2,0,2,2,2,0,0,0,0,0,0,0,0,0,0,0,0,0,0,0,0,0,0,0,0,0,0,0,0,0,0,0,0,0,0,0,0,0,0,0,0,0,0,0
2025-02-12,577897,Station Nine,b2b 1F Side by Side,1177,0,1,0,1,1,1,0,0,0,0,0,0,0,0,0,0,0,0,0,0,0,0,0,0,0,0,0,0,0,0,0,0,0,0,0,0,0,0,0,0,0,0,0,0,0
2025-02-12,577897,Station Nine,b2b Courtyard Side by Side,1177,0,4,0,4,4,4,0,0,0,0,0,0,0,0,0,0,0,0,0,0,0,0,0,0,0,0,0,0,0,0,1,0,0,0,1,0,0,0,0,0,0,0,0,0,0
2025-02-12,577897,Station Nine,b2b Side by Side,1177,0,2,0,2,2,2,0,0,0,0,0,0,0,0,0,0,0,0,0,0,0,0,0,0,0,0,0,0,0,0,1,1,0,0,1,1,0.5,0,0,0,0,0,0,0,0
2025-02-12,577897,Station Nine,b2bl TF Courtyard Side by Side,1411,0,2,0,2,2,2,0,0,0,0,0,0,0,0,0,0,0,0,0,0,0,0,0,0,0,0,0,0,0,0,0,0,0,0,0,0,0,0,0,0,0,0,0,0,0
2025-02-12,577897,Station Nine,b2bl TF Side by Side,1411,0,1,0,1,1,1,0,0,0,0,0,0,0,0,0,0,0,0,0,0,0,0,0,0,0,0,0,0,0,0,0,0,0,0,0,0,0,0,0,0,0,0,0,0,0
2025-02-12,577897,Station Nine,b2cl TF Side by Side,1407,0,1,0,1,1,1,0,0,0,0,0,0,0,0,0,0,0,0,0,0,0,0,0,0,0,0,0,0,0,0,0,0,0,0,0,0,0,0,0,0,0,0,0,0,0
2025-02-12,577897,Station Nine,b3a 1F Courtyard Side by Side,1251,0,4,0,4,3,4,0,0,0,0,0,0,1,0,1,0.25,0,0,0,0,0,0,0,0,0,0,0,0,0,0,2,0,0,0,2,0,0,0,0,0,0,0,0,0,0
2025-02-12,577897,Station Nine,b3a 1F Pool Side by Side,1251,0,1,0,1,1,1,0,0,0,0,0,0,0,0,0,0,0,0,0,0,0,0,0,0,0,0,0,0,0,0,0,0,0,0,0,0,0,0,0,0,0,0,0,0,0
2025-02-12,577897,Station Nine,b3a 1F Side by Side,1251,0,1,0,1,1,1,0,0,0,0,0,0,0,0,0,0,0,0,0,0,0,0,0,0,0,0,0,0,0,0,1,0,0,0,1,0,0,0,0,0,0,0,0,0,0
2025-02-12,577897,Station Nine,b3a Courtyard Side by Side,1251,0,4,0,4,4,4,0,0,0,0,0,0,0,0,0,0,0,0,0,0,0,0,0,0,0,0,0,0,0,0,0,0,0,0,0,0,0,0,0,0,0,0,0,0,0
2025-02-12,577897,Station Nine,b3a Pool Side by Side,1251,0,2,0,2,2,2,0,0,0,0,0,0,0,0,0,0,0,0,0,0,0,0,0,0,0,0,0,0,0,0,0,0,0,0,0,0,0,0,0,0,0,0,0,0,0
2025-02-12,577897,Station Nine,b3a Side by Side,1251,0,4,0,4,4,4,0,0,0,0,0,0,0,0,0,0,0,0,0,0,0,0,0,0,0,0,0,0,0,0,2,2,0,0,2,2,0.5,0,0,0,0,0,0,0,0
2025-02-12,577897,Station Nine,b3a TF Courtyard Side by Side,1251,0,2,0,2,2,2,0,0,0,0,0,0,0,0,0,0,0,0,0,0,0,0,0,0,0,0,0,0,0,0,1,0,0,0,1,0,0,0,0,0,0,0,0,0,0
2025-02-12,577897,Station Nine,b3a TF Pool Side by Side,1251,0,1,0,1,1,1,0,0,0,0,0,0,0,0,0,0,0,0,0,0,0,0,0,0,0,0,0,0,0,0,0,0,0,0,0,0,0,0,0,0,0,0,0,0,0
2025-02-12,577897,Station Nine,b3a TF Side by Side,1251,0,2,0,2,2,2,0,0,0,0,0,0,0,0,0,0,0,0,0,0,0,0,0,0,0,0,0,0,0,0,0,0,0,0,0,0,0,0,0,0,0,0,0,0,0
2025-02-12,577897,Station Nine,b3b Courtyard Side by Side,1337,0,4,0,4,4,4,0,0,0,0,0,0,0,0,0,0,0,0,0,0,0,0,0,0,0,0,0,0,0,0,2,0,0,0,2,0,0,0,0,0,0,0,0,0,0
2025-02-12,577897,Station Nine,b3b TF Courtyard Side by Side,1337,0,2,0,2,2,2,0,0,0,0,0,0,0,0,0,0,0,0,0,0,0,0,0,0,0,0,0,0,0,0,0,1,0,0,0,1,0.5,0,0,0,0,0,0,0,0
2025-02-12,577897,Station Nine,b4 1F Pool Side by Side,1307,0,1,0,1,1,1,0,0,0,0,0,0,0,0,0,0,0,0,0,0,0,0,0,0,0,0,0,0,0,0,0,0,0,0,0,0,0,0,0,0,0,0,0,0,0
2025-02-12,577897,Station Nine,b4 Pool Side by Side,1307,0,2,0,2,2,2,0,0,0,0,0,0,0,0,0,0,0,0,0,0,0,0,0,0,0,0,0,0,0,0,0,0,0,0,0,0,0,0,0,0,0,0,0,0,0
2025-02-12,577897,Station Nine,b4 TF Pool Side by Side,1307,0,1,0,1,1,1,0,0,0,0,0,0,0,0,0,0,0,0,0,0,0,0,0,0,0,0,0,0,0,0,1,0,0,0,1,0,0,0,0,0,0,0,0,0,0
2025-02-12,577897,Station Nine,b5 Pool Side by Side,1553,0,1,0,1,1,1,0,0,0,0,0,0,0,0,0,0,0,0,0,0,0,0,0,0,0,0,0,0,0,0,0,0,0,0,0,0,0,0,0,0,0,0,0,0,0
2025-02-12,577897,Station Nine,b5 TF Pool Side by Side,1553,0,1,0,1,1,1,0,0,0,0,0,0,0,0,0,0,0,0,0,0,0,0,0,0,0,0,0,0,0,0,0,0,0,0,0,0,0,0,0,0,0,0,0,0,0
2025-02-12,577897,Station Nine,b7hc Side by Side,1611,0,1,0,1,1,1,0,0,0,0,0,0,0,0,0,0,0,0,0,0,0,0,0,0,0,0,0,0,0,0,1,0,0,0,1,0,0,0,0,0,0,0,0,0,0
2025-02-12,577897,Station Nine,b7hc TF Side by Side,1611,0,1,0,1,1,1,0,0,0,0,0,0,0,0,0,0,0,0,0,0,0,0,0,0,0,0,0,0,0,0,0,0,0,0,0,0,0,0,0,0,0,0,0,0,0
2025-02-12,577897,Station Nine,b8 Side by Side,1535,0,1,0,1,1,1,0,0,0,0,0,0,0,0,0,0,0,0,0,0,0,0,0,0,0,0,0,0,0,0,0,0,0,0,0,0,0,0,0,0,0,0,0,0,0
2025-02-12,577897,Station Nine,b8 TF Side by Side,1535,0,1,0,1,1,1,0,0,0,0,0,0,0,0,0,0,0,0,0,0,0,0,0,0,0,0,0,0,0,0,0,0,0,0,0,0,0,0,0,0,0,0,0,0,0
2025-02-12,518041,The Academy at Frisco,Not Selected,0,0,0,0,0,0,0,0,0,0,0,0,0,0,0,0,0,0,0,0,0,0,0,0,0,0,0,0,0,0,0,0,0,0,0,0,0,0,0,0,0,0,0,0,0,0
2025-02-12,518041,The Academy at Frisco,Studio,434,0,20,0,20,20,20,0,0,0,0,0,0,1,0,1,0.05,0,0,0,0,0,0,0,2,0,0,0,2,0,0,7,3,7,9,14,12,0.6,0,0,0,0,0,0,0,0
2025-02-12,518041,The Academy at Frisco,A1,616.8709677419355,0,31,0,31,31,31,0,0,0,0,0,0,0,0,0,0,0,0,0,0,0,0,0,0,1,0,0,0,1,0.03225806451612903,12,5,14,24,26,29,0.9354838709677419,0,0,0,0,0,0,0,0
2025-02-12,518041,The Academy at Frisco,A2,538,0,3,0,3,3,3,0,0,0,0,0,0,0,0,0,0,0,0,0,0,0,0,0,0,0,1,0,1,0,0,1,0,1,1,2,1,0.3333333333333333,0,0,0,0,0,0,0,0
2025-02-12,518041,The Academy at Frisco,B1,403.5,0,48,0,48,48,48,0,0,0,0,0,0,0,0,0,0,0,0,0,0,0,0,0,3,0,0,0,3,0,0,11,26,33,22,44,48,1,0,0,0,0,0,0,0,0
2025-02-12,518041,The Academy at Frisco,B2,375,0,10,0,10,10,10,0,0,0,0,0,0,0,0,0,0,0,0,0,0,0,0,0,0,0,0,0,0,0,0,5,4,3,6,8,10,1,0,0,0,0,0,0,0,0
2025-02-12,518041,The Academy at Frisco,B3,393,0,10,0,10,9,10,0,0,0,0,0,0,0,0,0,0,0,1,0,0,0,1,0.1,0,0,0,0,0,0,0,3,6,1,2,4,8,0.8,0,0,0,0,0,0,0,0
2025-02-12,518041,The Academy at Frisco,C1,346,0,18,0,18,18,18,0,0,0,0,0,0,0,0,0,0,0,0,0,0,0,0,0,0,0,0,0,0,0,0,10,3,8,15,18,18,1,0,0,0,0,0,0,0,0
2025-02-12,518041,The Academy at Frisco,D1,340,0,228,0,228,223,228,0,0,0,0,2,0,1,0,3,0.013157894736842105,8,0,0,0,8,0,0,2,0,0,0,2,0,0,91,131,102,82,193,213,0.9342105263157895,0,0,0,0,0,0,0,0
2025-02-12,518041,The Academy at Frisco,D2,351,0,140,0,140,140,140,0,0,0,0,0,0,1,0,1,0.007142857142857143,5,0,0,0,5,0,0,0,0,0,0,0,0,0,40,80,87,53,127,133,0.95,0,0,0,0,0,0,0,0
2025-02-12,518041,The Academy at Frisco,D3,353,0,16,0,16,16,16,0,0,0,0,0,0,0,0,0,0,1,0,0,0,1,0,0,0,0,0,0,0,0,0,4,9,9,6,13,15,0.9375,0,0,0,0,0,0,0,0
2025-02-12,518041,The Academy at Frisco,D4,364,0,40,0,40,40,40,0,0,0,0,0,0,0,0,0,0,3,2,0,0,3,2,0.05,0,0,0,0,0,0,0,12,9,21,12,33,21,0.525,0,0,0,0,0,0,0,0
2025-02-12,518041,The Academy at Frisco,D5,335,0,76,0,76,76,76,0,0,0,0,0,0,1,0,1,0.013157894736842105,9,0,0,0,9,0,0,0,0,0,0,0,0,0,30,40,29,23,59,63,0.8289473684210527,0,0,0,0,0,0,0,0
2025-02-12,518042,The Academy on Charles,Not Selected,0,0,0,0,0,0,0,0,0,0,0,0,0,0,0,0,0,0,0,0,0,0,0,0,0,0,0,0,0,0,0,0,0,0,0,0,0,0,0,0,0,0,0,0,0,0
2025-02-12,518042,The Academy on Charles,A1,441,0,1,0,1,1,1,0,0,0,0,0,0,0,0,0,0,0,0,0,0,0,0,0,0,0,0,0,0,0,0,0,1,1,0,1,1,1,0,0,0,0,0,0,0,0
2025-02-12,518042,The Academy on Charles,A2,667,0,1,0,1,1,1,0,0,0,0,0,0,0,0,0,0,0,0,0,0,0,0,0,0,0,0,0,0,0,0,0,0,1,1,1,1,1,0,0,0,0,0,0,0,0
2025-02-12,518042,The Academy on Charles,B1,305.4,0,10,0,10,10,10,0,0,0,0,0,0,0,0,0,0,0,0,0,0,0,0,0,0,0,0,0,0,0,0,7,8,3,2,10,10,1,0,0,0,0,0,0,0,0
2025-02-12,518042,The Academy on Charles,B2,331.5,0,8,0,8,8,8,0,0,0,0,0,0,0,0,0,0,0,0,0,0,0,0,0,0,0,0,0,0,0,0,0,8,8,0,8,8,1,0,0,0,0,0,0,0,0
2025-02-12,518042,The Academy on Charles,B3,327,0,6,0,6,6,6,0,0,0,0,0,0,0,0,0,0,0,0,0,0,0,0,0,0,0,0,0,0,0,0,6,2,0,4,6,6,1,0,0,0,0,0,0,0,0
2025-02-12,518042,The Academy on Charles,B4,335.75,0,8,0,8,8,8,0,0,0,0,0,0,0,0,0,0,0,0,0,0,0,0,0,0,0,0,0,0,0,0,3,0,4,2,7,2,0.25,0,0,0,0,0,0,0,0
2025-02-12,518042,The Academy on Charles,B5,365.5,0,8,0,8,8,8,0,0,0,0,0,0,0,0,0,0,0,0,0,0,0,0,0,0,0,0,0,0,0,0,6,2,2,3,8,5,0.625,0,0,0,0,0,0,0,0
2025-02-12,518042,The Academy on Charles,B6,447,0,10,0,10,9,10,0,0,0,0,0,0,0,0,0,0,0,0,0,0,0,0,0,0,0,0,0,0,0,0,7,4,2,5,9,9,0.9,0,0,0,0,0,0,0,0
2025-02-12,518042,The Academy on Charles,C1,364.5,0,12,0,12,12,12,0,0,0,0,0,0,0,0,0,0,0,0,0,0,0,0,0,1,0,0,0,1,0,0,4,9,5,3,9,12,1,0,0,0,0,0,0,0,0
2025-02-12,518042,The Academy on Charles,C2,339,0,36,0,36,36,36,0,0,0,0,0,0,0,0,0,0,0,0,0,0,0,0,0,0,0,0,0,0,0,0,21,17,15,10,36,27,0.75,0,0,0,0,0,0,0,0
2025-02-12,518042,The Academy on Charles,C3,283,0,24,0,24,24,24,0,0,0,0,0,0,0,0,0,0,0,0,0,0,0,0,0,0,0,0,0,0,0,0,9,18,12,4,21,22,0.9166666666666666,0,0,0,0,0,0,0,0
2025-02-12,518042,The Academy on Charles,C4,422,0,3,0,3,3,3,0,0,0,0,0,0,0,0,0,0,0,0,0,0,0,0,0,0,0,0,0,0,0,0,0,0,2,1,2,1,0.3333333333333333,0,0,0,0,0,0,0,0
2025-02-12,518042,The Academy on Charles,D1,281.3076923076923,0,104,0,104,104,104,0,0,0,2,0,0,1,2,1,0.009615384615384616,2,0,0,0,2,0,0,2,0,0,0,2,0,0,14,0,25,5,39,5,0.04807692307692308,0,0,0,0,0,0,0,0
2025-02-12,518042,The Academy on Charles,D2,351.8,0,40,0,40,40,40,0,0,0,0,0,0,1,0,1,0.025,0,0,0,0,0,0,0,1,0,0,0,1,0,0,25,9,13,15,38,24,0.6,0,0,0,0,0,0,0,0
2025-02-12,518042,The Academy on Charles,D3,307.6,0,20,0,20,20,20,0,0,0,0,0,0,0,0,0,0,0,0,0,0,0,0,0,0,0,0,0,0,0,0,12,6,6,10,18,16,0.8,0,0,0,0,0,0,0,0
2025-02-12,518042,The Academy on Charles,D4,267,0,32,0,32,32,32,0,0,0,0,0,0,0,0,0,0,0,0,0,0,0,0,0,0,0,0,0,0,0,0,4,4,9,4,13,8,0.25,0,0,0,0,0,0,0,0
2025-02-12,518042,The Academy on Charles,S1,351,0,4,0,4,4,4,0,0,0,0,0,0,0,0,0,0,0,0,0,0,0,0,0,0,0,0,0,0,0,0,0,1,4,3,4,4,1,0,0,0,0,0,0,0,0
2025-02-12,518042,The Academy on Charles,S2,423,0,1,0,1,1,1,0,0,0,0,0,0,0,0,0,0,0,0,0,0,0,0,0,0,0,0,0,0,0,0,0,1,1,0,1,1,1,0,0,0,0,0,0,0,0
2025-02-12,1197886,The Caswell at Runnymeade,Not Selected,0,0,0,0,0,0,0,0,0,0,0,0,0,0,0,0,0,0,0,0,0,0,0,0,0,0,0,0,0,0,0,0,0,0,0,0,0,0,0,0,0,0,0,0,0,0
2025-02-12,1197886,The Caswell at Runnymeade,A1.1,849,0,3,0,3,2,3,0,0,0,0,0,0,0,0,0,0,0,0,0,0,0,0,0,0,0,0,0,0,0,0,3,2,0,0,3,2,0.6666666666666666,0,0,0,0,0,0,0,0
2025-02-12,1197886,The Caswell at Runnymeade,A1.2,881,0,2,0,2,0,2,0,0,0,0,0,0,0,0,0,0,0,0,0,0,0,0,0,0,0,0,0,0,0,0,1,0,0,0,1,0,0,0,0,0,0,0,0,0,0
2025-02-12,1197886,The Caswell at Runnymeade,A2,1052,0,4,0,4,4,4,0,0,0,0,1,0,0,0,1,0.25,0,0,0,0,0,0,0,0,0,0,0,0,0,0,1,1,0,1,1,2,0.5,0,0,0,0,0,0,0,0
2025-02-12,1197886,The Caswell at Runnymeade,A3,805,0,16,0,16,15,16,0,0,0,0,0,0,0,0,0,0,0,0,0,0,0,0,0,0,0,0,0,0,0,0,9,4,0,6,9,10,0.625,0,0,0,0,0,0,0,0
2025-02-12,1197886,The Caswell at Runnymeade,A4,858,0,16,0,16,15,16,0,0,0,0,0,0,0,0,0,0,0,0,0,0,0,0,0,0,0,0,0,0,0,0,10,5,0,5,10,10,0.625,0,0,0,0,0,0,0,0
2025-02-12,1197886,The Caswell at Runnymeade,A5.1,1059,0,6,0,6,6,6,0,0,0,0,0,0,0,0,0,0,0,0,0,0,0,0,0,0,0,0,0,0,0,0,2,1,0,2,2,3,0.5,0,0,0,0,0,0,0,0
2025-02-12,1197886,The Caswell at Runnymeade,A5.2,1071,0,6,0,6,6,6,0,0,0,0,1,0,1,0,2,0.3333333333333333,0,0,0,0,0,0,0,0,0,0,0,0,0,0,3,1,0,1,3,2,0.3333333333333333,0,0,0,0,0,0,0,0
2025-02-12,1197886,The Caswell at Runnymeade,A6,1048,0,4,0,4,4,4,0,0,0,0,0,0,0,0,0,0,0,0,0,0,0,0,0,0,0,0,0,0,0,0,1,1,0,0,1,1,0.25,0,0,0,0,0,0,0,0
2025-02-12,1197886,The Caswell at Runnymeade,A7,1192,0,8,0,8,8,8,0,0,0,0,0,0,0,0,0,0,0,0,0,0,0,0,0,0,0,0,0,0,0,0,4,1,0,4,4,5,0.625,0,0,0,0,0,0,0,0
2025-02-12,1197886,The Caswell at Runnymeade,B1,1277.578313253012,0,85,2,83,73,83,0,0,0,0,0,0,0,0,0,0,0,0,0,0,0,0,0,0,0,0,0,0,0,0,25,33,0,17,25,50,0.6024096385542169,0,0,0,0,0,0,0,0
2025-02-12,1197886,The Caswell at Runnymeade,B1.2,1289,0,7,0,7,6,7,0,0,0,0,0,0,0,0,0,0,0,0,0,0,0,0,0,0,0,0,0,0,0,0,1,2,0,1,1,3,0.42857142857142855,0,0,0,0,0,0,0,0
2025-02-12,1197886,The Caswell at Runnymeade,B2,1365,0,38,0,38,31,38,0,0,0,0,0,0,0,0,0,0,0,0,0,0,0,0,0,0,0,0,0,0,0,0,15,13,0,12,15,25,0.6578947368421053,0,0,0,0,0,0,0,0
2025-02-12,1197886,The Caswell at Runnymeade,B3.1,1260,0,4,0,4,3,4,0,0,0,0,0,0,0,0,0,0,0,0,0,0,0,0,0,0,0,0,0,0,0,0,0,1,0,0,0,1,0.25,0,0,0,0,0,0,0,0
2025-02-12,1197886,The Caswell at Runnymeade,B3.3,1307,0,2,0,2,1,2,0,0,0,0,0,0,0,0,0,0,0,0,0,0,0,0,0,0,0,0,0,0,0,0,1,2,0,0,1,2,1,0,0,0,0,0,0,0,0
2025-02-12,1197886,The Caswell at Runnymeade,C1,1660,0,16,0,16,15,16,0,0,0,0,0,0,0,0,0,0,0,0,0,0,0,0,0,0,0,0,0,0,0,0,4,7,0,2,4,9,0.5625,0,0,0,0,0,0,0,0
2025-02-12,1197886,The Caswell at Runnymeade,C2,1595,0,32,0,32,26,32,0,0,0,0,0,0,0,0,0,0,0,0,0,0,0,0,0,0,0,0,0,0,0,0,14,10,0,10,14,20,0.625,0,0,0,0,0,0,0,0
2025-02-12,833617,The Dean Campustown,Not Selected,0,0,0,0,0,0,0,0,0,0,0,0,0,0,0,0,0,0,0,0,0,0,0,0,0,0,0,0,0,0,0,0,0,0,0,0,0,0,0,0,0,0,0,0,0,0
2025-02-12,833617,The Dean Campustown,A1,533,0,14,0,14,14,14,0,0,0,0,0,0,0,0,0,0,0,0,0,0,0,0,0,0,0,0,0,0,0,0,5,10,9,4,14,14,1,0,0,0,0,0,0,0,0
2025-02-12,833617,The Dean Campustown,A2 Deluxe,133,0,28,0,28,28,28,0,0,0,0,0,0,0,0,0,0,2,0,0,0,2,0,0,0,0,0,0,0,0,0,14,14,12,14,26,28,1,0,0,0,0,0,0,0,0
2025-02-12,833617,The Dean Campustown,B1,184,0,28,0,28,28,28,0,0,0,0,0,0,0,0,0,0,4,0,0,0,4,0,0,0,0,0,0,0,0,0,12,21,11,6,23,27,0.9642857142857143,0,0,0,0,0,0,0,0
2025-02-12,833617,The Dean Campustown,B2,222,0,28,0,28,28,28,0,0,0,0,0,0,0,0,0,0,0,1,0,0,0,1,0.03571428571428571,0,0,0,0,0,0,0,15,17,12,9,27,26,0.9285714285714286,0,0,0,0,0,0,0,0
2025-02-12,833617,The Dean Campustown,B3 XL,66,0,56,0,56,56,56,0,0,0,0,0,0,2,0,2,0.03571428571428571,0,0,0,0,0,0,0,0,0,0,4,0,4,0.07142857142857142,32,22,12,24,44,46,0.8214285714285714,0,0,0,0,0,0,0,0
2025-02-12,833617,The Dean Campustown,B4 XL,73,0,56,0,56,56,56,0,0,0,0,0,0,0,0,0,0,0,0,0,2,0,2,0.03571428571428571,0,0,0,0,0,0,0,14,16,34,36,48,52,0.9285714285714286,0,0,0,0,0,0,0,0
2025-02-12,833617,The Dean Campustown,D1,70,0,56,0,56,48,56,0,0,0,0,0,0,0,0,0,0,1,0,0,0,1,0,0,0,0,0,0,0,0,0,20,23,13,18,33,41,0.7321428571428571,0,0,0,0,0,0,0,0
2025-02-12,833617,The Dean Campustown,D2,71,0,56,0,56,55,56,0,0,0,1,1,0,0,1,1,0.017857142857142856,0,0,0,0,0,0,0,0,0,0,1,0,1,0.017857142857142856,29,17,7,8,36,25,0.44642857142857145,0,0,0,0,0,0,0,0
2025-02-12,833617,The Dean Campustown,D3,81,0,56,0,56,53,56,0,0,0,0,0,0,5,0,5,0.08928571428571429,2,1,0,0,2,1,0.017857142857142856,2,0,0,0,2,0,0,5,13,17,9,22,22,0.39285714285714285,0,0,0,0,0,0,0,0
2025-02-12,833617,The Dean Campustown,D4,81,0,56,0,56,56,56,0,0,0,1,0,0,0,1,0,0,1,2,0,0,1,2,0.03571428571428571,0,0,0,0,0,0,0,16,19,16,7,32,26,0.4642857142857143,0,0,0,0,0,0,0,0
2025-02-12,833617,The Dean Campustown,D5,84,0,56,0,56,56,56,0,0,0,0,0,0,0,0,0,0,3,0,0,0,3,0,0,0,0,0,0,0,0,0,16,24,21,12,37,36,0.6428571428571429,0,0,0,0,0,0,0,0
2025-02-12,833617,The Dean Campustown,M1,374.6666666666667,0,84,0,84,82,84,0,0,0,0,0,0,2,0,2,0.023809523809523808,0,0,0,0,0,0,0,0,0,0,2,0,2,0.023809523809523808,12,17,26,28,38,45,0.5357142857142857,0,0,0,0,0,0,0,0
2025-02-12,833617,The Dean Campustown,S1,456,0,42,0,42,41,42,0,0,0,0,0,0,1,0,1,0.023809523809523808,0,0,0,0,0,0,0,0,0,0,0,0,0,0,12,8,21,21,33,29,0.6904761904761905,0,0,0,0,0,0,0,0
2025-02-12,833617,The Dean Campustown,S2,466,0,28,0,28,28,28,0,0,0,0,0,0,2,0,2,0.07142857142857142,0,0,0,0,0,0,0,0,0,0,0,0,0,0,8,0,8,13,16,13,0.4642857142857143,0,0,0,0,0,0,0,0
2025-02-12,833617,The Dean Campustown,S3 XL,154,0,28,0,28,28,28,0,0,0,0,0,0,0,0,0,0,0,0,0,0,0,0,0,0,2,0,4,0,6,0.21428571428571427,4,4,14,12,18,16,0.5714285714285714,0,0,0,0,0,0,0,0
2025-02-12,1197887,The Dean Reno,Not Selected,0,0,0,0,0,0,0,0,0,0,0,0,0,0,0,0,0,0,0,0,0,0,0,0,0,0,0,0,0,0,0,0,0,0,0,0,0,0,0,0,0,0,0,0,0,0
2025-02-12,1197887,The Dean Reno,A1,575,0,1,0,1,0,1,0,0,0,0,0,0,0,0,0,0,0,0,0,0,0,0,0,0,0,0,0,0,0,0,1,1,0,0,1,1,1,0,0,0,0,0,0,0,0
2025-02-12,1197887,The Dean Reno,B1,375,0,36,0,36,35,36,0,0,0,0,0,0,1,0,1,0.027777777777777776,1,0,0,0,1,0,0,2,0,0,0,2,0,0,8,13,8,18,16,31,0.8611111111111112,0,0,0,0,0,0,0,0
2025-02-12,1197887,The Dean Reno,B2,430,0,34,0,34,33,34,0,0,0,1,1,0,0,1,1,0.029411764705882353,1,0,0,0,1,0,0,0,0,0,1,0,1,0.029411764705882353,13,12,12,18,25,30,0.8823529411764706,0,0,0,0,0,0,0,0
2025-02-12,1197887,The Dean Reno,C1,366,0,3,0,3,2,3,0,0,0,0,0,0,0,0,0,0,0,0,0,0,0,0,0,0,0,0,0,0,0,0,0,0,1,2,1,2,0.6666666666666666,0,0,0,0,0,0,0,0
2025-02-12,1197887,The Dean Reno,D1,313,0,180,0,180,166,180,0,0,0,0,8,3,2,3,10,0.05555555555555555,1,3,0,0,1,3,0.016666666666666666,3,1,0,0,3,1,0.005555555555555556,37,83,16,44,53,127,0.7055555555555556,0,0,0,0,0,0,0,0
2025-02-12,1197887,The Dean Reno,D2,312,0,140,0,140,120,140,0,0,0,1,1,1,5,2,6,0.04285714285714286,0,0,0,0,0,0,0,0,2,0,0,0,2,0.014285714285714285,23,26,6,43,29,69,0.4928571428571429,0,0,0,0,0,0,0,0
2025-02-12,1197887,The Dean Reno,D3,314,0,64,0,64,56,64,0,0,0,1,0,0,1,1,1,0.015625,0,0,0,0,0,0,0,0,0,0,0,0,0,0,10,13,8,12,18,25,0.390625,0,0,0,0,0,0,0,0
2025-02-12,1197887,The Dean Reno,D4,283,0,45,0,45,27,45,0,0,0,0,0,0,1,0,1,0.022222222222222223,0,0,0,0,0,0,0,0,0,0,0,0,0,0,4,3,0,22,4,25,0.5555555555555556,0,0,0,0,0,0,0,0
2025-02-12,1197887,The Dean Reno,D5,285,0,36,0,36,31,36,0,0,0,0,0,0,0,0,0,0,0,0,0,0,0,0,0,0,1,0,0,0,1,0.027777777777777776,1,19,9,5,10,24,0.6666666666666666,0,0,0,0,0,0,0,0
2025-02-12,1197887,The Dean Reno,E1,277,0,90,0,90,76,90,0,0,0,0,0,0,3,0,3,0.03333333333333333,0,0,1,0,1,0,0,0,2,0,0,0,2,0.022222222222222223,24,15,10,18,34,33,0.36666666666666664,0,0,0,0,0,0,0,0
2025-02-12,1197887,The Dean Reno,E1 Alt,277,0,45,0,45,33,45,0,0,0,0,0,0,0,0,0,0,0,0,0,0,0,0,0,0,0,0,0,0,0,0,7,1,5,10,12,11,0.24444444444444444,0,0,0,0,0,0,0,0
2025-02-12,1197887,The Dean Reno,E2,252,0,54,0,54,44,54,0,0,0,0,2,0,0,0,2,0.037037037037037035,0,0,0,0,0,0,0,2,0,0,0,2,0,0,19,13,15,16,34,29,0.5370370370370371,0,0,0,0,0,0,0,0
2025-02-12,1197887,The Dean Reno,E3,274,0,45,0,45,42,45,0,0,0,3,0,0,3,3,3,0.06666666666666667,1,0,0,0,1,0,0,2,0,1,0,3,0,0,10,15,4,2,14,17,0.37777777777777777,0,0,0,0,0,0,0,0
2025-02-12,518046,The Rise at Northgate,Not Selected,0,0,0,0,0,0,0,0,0,0,0,0,0,0,0,0,0,0,0,0,0,0,0,0,0,0,0,0,0,0,0,0,0,0,0,0,0,0,0,0,0,0,0,0,0,0
2025-02-12,518046,The Rise at Northgate,A1,558.1111111111111,0,36,0,36,36,36,0,0,0,0,0,0,0,0,0,0,0,0,0,0,0,0,0,0,0,0,0,0,0,0,7,6,27,26,34,32,0.8888888888888888,0,0,0,0,0,0,0,0
2025-02-12,518046,The Rise at Northgate,A2,543,0,4,0,4,4,4,0,0,0,0,0,0,0,0,0,0,0,0,0,0,0,0,0,0,0,0,0,0,0,0,3,1,1,2,4,3,0.75,0,0,0,0,0,0,0,0
2025-02-12,518046,The Rise at Northgate,A3,800,0,1,0,1,1,1,0,0,0,0,0,0,0,0,0,0,0,0,0,0,0,0,0,0,0,0,0,0,0,0,0,1,0,0,0,1,1,0,0,0,0,0,0,0,0
2025-02-12,518046,The Rise at Northgate,B1,435.14285714285717,0,42,0,42,42,42,0,0,0,0,0,0,0,0,0,0,1,1,0,0,1,1,0.023809523809523808,0,0,0,0,0,0,0,14,20,27,20,41,40,0.9523809523809523,0,0,0,0,0,0,0,0
2025-02-12,518046,The Rise at Northgate,B2,500,0,4,0,4,4,4,0,0,0,0,0,0,0,0,0,0,1,0,0,0,1,0,0,0,0,0,0,0,0,0,0,0,2,4,2,4,1,0,0,0,0,0,0,0,0
2025-02-12,518046,The Rise at Northgate,B3,591,0,2,0,2,2,2,0,0,0,0,0,0,0,0,0,0,0,0,0,0,0,0,0,0,0,0,0,0,0,0,0,0,2,2,2,2,1,0,0,0,0,0,0,0,0
2025-02-12,518046,The Rise at Northgate,C1,400,0,3,0,3,3,3,0,0,0,0,1,0,0,0,1,0.3333333333333333,0,0,0,0,0,0,0,0,0,0,0,0,0,0,0,0,3,2,3,2,0.6666666666666666,0,0,0,0,0,0,0,0
2025-02-12,518046,The Rise at Northgate,D1,345.14285714285717,0,252,0,252,252,252,0,0,0,2,3,0,0,2,3,0.011904761904761904,14,2,0,0,14,2,0.007936507936507936,3,2,0,0,3,2,0.007936507936507936,79,77,131,109,210,186,0.7380952380952381,0,0,0,0,0,0,0,0
2025-02-12,518046,The Rise at Northgate,D2,428,0,4,0,4,4,4,0,0,0,0,0,0,0,0,0,0,0,0,0,0,0,0,0,0,0,0,0,0,0,0,2,1,2,3,4,4,1,0,0,0,0,0,0,0,0
2025-02-12,518046,The Rise at Northgate,D3,347,0,40,0,40,40,40,0,0,0,0,2,0,0,0,2,0.05,3,1,0,1,3,2,0.05,0,3,0,0,0,3,0.075,11,19,21,13,32,32,0.8,0,0,0,0,0,0,0,0
2025-02-12,518046,The Rise at Northgate,E1,300,0,15,0,15,15,15,0,0,0,0,0,0,0,0,0,0,0,0,0,0,0,0,0,0,0,0,0,0,0,0,5,3,9,12,14,15,1,0,0,0,0,0,0,0,0
2025-02-12,518046,The Rise at Northgate,E2,300,0,30,0,30,30,30,0,0,0,0,0,0,0,0,0,0,0,0,0,0,0,0,0,0,0,0,0,0,0,0,7,10,22,20,29,30,1,0,0,0,0,0,0,0,0
2025-02-12,518046,The Rise at Northgate,E3,300,0,5,0,5,5,5,0,0,0,0,0,0,0,0,0,0,0,0,0,0,0,0,0,0,1,0,0,0,1,0.2,1,3,4,1,5,4,0.8,0,0,0,0,0,0,0,0
2025-02-12,518046,The Rise at Northgate,F1,350,0,6,0,6,6,6,0,0,0,0,0,0,0,0,0,0,0,0,0,0,0,0,0,0,0,0,0,0,0,0,2,2,1,4,3,6,1,0,0,0,0,0,0,0,0
2025-02-12,518046,The Rise at Northgate,S1,450,0,21,0,21,21,21,0,0,0,0,0,0,0,0,0,0,0,0,0,0,0,0,0,0,0,0,0,0,0,0,4,9,10,11,14,20,0.9523809523809523,0,0,0,0,0,0,0,0
2025-02-12,100064798,The Stretch,Not Selected,0,0,0,0,0,0,0,0,0,0,0,0,0,0,0,0,0,0,0,0,0,0,0,0,0,0,0,0,0,0,0,0,0,0,0,0,0,0,0,0,0,0,0,0,0,0
2025-02-12,100064798,The Stretch,2x2,491,0,144,0,144,141,144,0,0,0,0,7,0,0,0,7,0.04861111111111111,0,0,0,0,0,0,0,0,0,0,0,0,0,0,96,19,47,39,143,58,0.4027777777777778,0,0,0,0,0,0,0,0
2025-02-12,100064798,The Stretch,2x2 Loft,324,0,2,0,2,2,2,0,0,0,0,0,0,0,0,0,0,0,0,0,0,0,0,0,0,0,0,0,0,0,0,0,0,2,0,2,0,0,0,0,0,0,0,0,0,0
2025-02-12,100064798,The Stretch,3x3 Loft,324,0,3,0,3,0,3,0,0,0,0,0,0,0,0,0,0,0,0,0,0,0,0,0,0,0,0,0,0,0,0,0,0,3,0,3,0,0,0,0,0,0,0,0,0,0
2025-02-12,100064798,The Stretch,4x4,323,0,384,0,384,368,384,0,0,0,1,8,0,4,1,12,0.03125,0,0,0,1,0,1,0.0026041666666666665,0,0,0,0,0,0,0,246,52,128,86,374,138,0.359375,0,0,0,0,0,0,0,0
2025-02-12,1143679,Torre,Not Selected,0,0,0,0,0,0,0,0,0,0,0,0,0,0,0,0,0,0,0,0,0,0,0,0,0,0,0,0,0,0,0,0,0,0,0,0,0,0,0,0,0,0,0,0,0,0
2025-02-12,1143679,Torre,A1,630,0,3,0,3,3,3,0,0,0,0,0,0,0,0,0,0,0,0,0,0,0,0,0,0,0,0,0,0,0,0,2,1,1,2,3,3,1,0,0,0,0,0,0,0,0
2025-02-12,1143679,Torre,A2,665,0,1,0,1,1,1,0,0,0,0,0,0,0,0,0,0,0,0,0,0,0,0,0,0,0,0,0,0,0,0,0,0,1,1,1,1,1,0,0,0,0,0,0,0,0
2025-02-12,1143679,Torre,B1,394,0,2,0,2,2,2,0,0,0,0,1,0,0,0,1,0.5,0,0,0,0,0,0,0,0,0,0,0,0,0,0,2,0,0,0,2,0,0,0,0,0,0,0,0,0,0
2025-02-12,1143679,Torre,B2,424,0,10,0,10,9,10,0,0,0,0,1,0,0,0,1,0.1,0,0,0,0,0,0,0,0,0,0,0,0,0,0,6,1,1,1,7,2,0.2,0,0,0,0,0,0,0,0
2025-02-12,1143679,Torre,B3,420,0,4,0,4,3,4,0,0,0,0,0,0,0,0,0,0,0,0,0,0,0,0,0,0,0,0,0,0,0,0,2,1,1,3,3,4,1,0,0,0,0,0,0,0,0
2025-02-12,1143679,Torre,B4,461,0,2,0,2,2,2,0,0,0,0,0,0,0,0,0,0,0,0,0,0,0,0,0,0,0,0,0,0,0,0,1,0,1,2,2,2,1,0,0,0,0,0,0,0,0
2025-02-12,1143679,Torre,B5 - SHARED,229,0,44,0,44,43,44,0,0,0,1,2,0,0,1,2,0.045454545454545456,0,2,0,0,0,2,0.045454545454545456,0,0,0,0,0,0,0,21,7,9,11,30,18,0.4090909090909091,0,0,0,0,0,0,0,0
2025-02-12,1143679,Torre,B5.2 DELUXE,229,0,12,0,12,6,12,0,0,0,0,0,0,2,0,2,0.16666666666666666,0,0,0,0,0,0,0,0,0,0,0,0,0,0,2,4,0,0,2,4,0.3333333333333333,0,0,0,0,0,0,0,0
2025-02-12,1143679,Torre,B6 DELUXE,227,0,36,0,36,28,36,0,0,0,0,0,0,4,0,4,0.1111111111111111,0,0,2,0,2,0,0,0,0,0,0,0,0,0,8,4,5,8,13,12,0.3333333333333333,0,0,0,0,0,0,0,0
2025-02-12,1143679,Torre,B7 - SEMI-SHARED,318,0,12,0,12,8,12,0,0,0,0,0,0,0,0,0,0,0,0,0,0,0,0,0,0,0,0,0,0,0,0,8,1,0,7,8,8,0.6666666666666666,0,0,0,0,0,0,0,0
2025-02-12,1143679,Torre,B8 DELUXE,246,0,28,0,28,20,28,0,0,0,0,4,0,0,0,4,0.14285714285714285,0,0,0,2,0,2,0.07142857142857142,0,0,0,0,0,0,0,4,0,2,0,6,0,0,0,0,0,0,0,0,0,0
2025-02-12,1143679,Torre,B9 - SHARED,240,0,24,0,24,24,24,0,0,0,0,0,0,0,0,0,0,2,0,1,0,3,0,0,0,0,0,0,0,0,0,14,13,5,10,19,23,0.9583333333333334,0,0,0,0,0,0,0,0
2025-02-12,1143679,Torre,C1,328,0,3,0,3,3,3,0,0,0,0,0,0,0,0,0,0,0,0,0,0,0,0,0,0,0,0,0,0,0,0,2,0,1,1,3,1,0.3333333333333333,0,0,0,0,0,0,0,0
2025-02-12,1143679,Torre,C2 - SEMI-SHARED,266,0,16,0,16,10,16,0,0,0,0,0,0,0,0,0,0,0,0,0,0,0,0,0,0,0,0,0,0,0,0,2,0,1,1,3,1,0.0625,0,0,0,0,0,0,0,0
2025-02-12,1143679,Torre,C3,391,0,21,0,21,21,21,0,0,0,0,0,0,0,0,0,0,0,0,0,0,0,0,0,0,0,0,0,0,0,0,12,9,7,10,19,19,0.9047619047619048,0,0,0,0,0,0,0,0
2025-02-12,1143679,Torre,D1,286,0,28,0,28,21,28,0,0,0,0,0,0,0,0,0,0,1,0,0,0,1,0,0,1,0,0,0,1,0,0,9,4,3,0,12,4,0.14285714285714285,0,0,0,0,0,0,0,0
2025-02-12,1143679,Torre,D2 - SEMI-SHARED,287,0,5,0,5,4,5,0,0,0,0,1,0,0,0,1,0.2,0,0,0,0,0,0,0,0,0,0,0,0,0,0,3,1,0,0,3,1,0.2,0,0,0,0,0,0,0,0
2025-02-12,1143679,Torre,D3 - SEMI-SHARED,248,0,12,0,12,10,12,0,0,0,0,0,0,0,0,0,0,0,0,0,0,0,0,0,0,0,0,0,0,0,0,0,0,1,0,1,0,0,0,0,0,0,0,0,0,0
2025-02-12,1143679,Torre,D4 - SEMI-SHARED,288,0,12,0,12,10,12,0,0,0,0,0,2,0,2,0,0,0,0,0,0,0,0,0,0,0,0,0,0,0,0,4,0,0,0,4,0,0,0,0,0,0,0,0,0,0
2025-02-12,1143679,Torre,S1,330,0,1,0,1,1,1,0,0,0,0,0,0,0,0,0,0,0,0,0,0,0,0,0,0,0,0,0,0,0,0,0,0,1,1,1,1,1,0,0,0,0,0,0,0,0
2025-02-12,1143679,Torre,S2,397,0,14,0,14,14,14,0,0,0,0,0,0,0,0,0,0,0,0,0,0,0,0,0,0,0,0,0,0,0,0,5,1,8,13,13,14,1,0,0,0,0,0,0,0,0
2025-02-12,1143679,Torre,TH - C1,499,0,6,0,6,6,6,0,0,0,0,1,0,0,0,1,0.16666666666666666,0,0,0,0,0,0,0,0,0,0,0,0,0,0,0,0,3,2,3,2,0.3333333333333333,0,0,0,0,0,0,0,0
2025-02-12,1143679,Torre,TH - C2,384,0,6,0,6,6,6,0,0,0,0,0,0,0,0,0,0,0,0,0,0,0,0,0,0,0,0,0,0,0,0,1,3,4,2,5,5,0.8333333333333334,0,0,0,0,0,0,0,0
2025-02-12,1143679,Torre,TH - C3,395,0,3,0,3,3,3,0,0,0,0,0,0,0,0,0,0,0,0,0,0,0,0,0,0,0,0,0,0,0,0,3,3,0,0,3,3,1,0,0,0,0,0,0,0,0
2025-02-12,1143679,Torre,TH - C3.1,395,0,3,0,3,3,3,0,0,0,0,0,0,0,0,0,0,0,0,0,0,0,0,0,0,0,0,0,0,0,0,0,3,3,0,3,3,1,0,0,0,0,0,0,0,0
2025-02-12,1143679,Torre,TH - C4,401,0,12,0,12,12,12,0,0,0,0,1,0,0,0,1,0.08333333333333333,0,0,0,0,0,0,0,0,0,0,0,0,0,0,10,3,1,7,11,10,0.8333333333333334,0,0,0,0,0,0,0,0
2025-02-12,1143679,Torre,TH - D1,352,0,56,0,56,55,56,0,0,0,1,0,0,0,1,0,0,1,0,0,0,1,0,0,0,0,0,0,0,0,0,34,33,7,22,41,55,0.9821428571428571,0,0,0,0,0,0,0,0
2025-02-12,1143679,Torre,TH - D1.2,363,0,32,0,32,32,32,0,0,0,0,2,0,0,0,2,0.0625,0,0,0,0,0,0,0,0,0,0,0,0,0,0,17,5,8,18,25,23,0.71875,0,0,0,0,0,0,0,0
2025-02-12,1143679,Torre,TH - D2,417,0,8,0,8,8,8,0,0,0,0,0,0,0,0,0,0,0,0,0,0,0,0,0,0,0,0,0,0,0,0,2,2,5,5,7,7,0.875,0,0,0,0,0,0,0,0
2025-02-12,1143679,Torre,TH - D3,409,0,4,0,4,4,4,0,0,0,0,0,0,0,0,0,0,0,0,0,0,0,0,0,0,0,0,0,0,0,0,0,2,4,2,4,4,1,0,0,0,0,0,0,0,0
2025-02-12,1143679,Torre,TH - D4 - SEMI-SHARED,335,0,10,0,10,10,10,0,0,0,0,0,0,0,0,0,0,0,0,0,0,0,0,0,0,0,0,0,0,0,0,10,4,0,3,10,7,0.7,0,0,0,0,0,0,0,0
2025-02-12,1143679,Torre,TH - D5,431.5,0,16,0,16,16,16,0,0,0,0,1,0,0,0,1,0.0625,1,0,0,0,1,0,0,0,0,0,0,0,0,0,6,6,8,10,14,16,1,0,0,0,0,0,0,0,0
2025-02-12,1143679,Torre,TH - D6 - SEMI-SHARED,350,0,15,0,15,12,15,0,0,0,0,1,0,0,0,1,0.06666666666666667,0,0,0,0,0,0,0,0,0,0,0,0,0,0,4,3,8,9,12,12,0.8,0,0,0,0,0,0,0,0
2025-02-12,1143679,Torre,TH - D8 - SEMI-SHARED,301,0,6,0,6,6,6,0,0,0,0,0,0,0,0,0,0,0,0,0,0,0,0,0,0,0,0,0,0,0,0,1,0,4,6,5,6,1,0,0,0,0,0,0,0,0
2025-02-12,1143679,Torre,TH - D9,375,0,15,0,15,15,15,0,0,0,0,0,0,0,0,0,0,0,0,0,1,0,1,0.06666666666666667,0,0,0,0,0,0,0,10,9,4,5,14,14,0.9333333333333333,0,0,0,0,0,0,0,0
2025-02-12,1143679,Torre,TH - E1,360,0,10,0,10,10,10,0,0,0,0,0,0,0,0,0,0,1,0,0,0,1,0,0,0,0,0,0,0,0,0,8,6,0,3,8,9,0.9,0,0,0,0,0,0,0,0
2025-02-12,1143679,Torre,TH - F1,370,0,18,0,18,18,18,0,0,0,0,0,0,0,0,0,0,0,1,0,0,0,1,0.05555555555555555,0,0,0,0,0,0,0,10,3,3,3,13,6,0.3333333333333333,0,0,0,0,0,0,0,0
2025-02-12,1143679,Torre,TH - F2,388,0,6,0,6,6,6,0,0,0,0,0,0,0,0,0,0,0,0,0,0,0,0,0,0,0,0,0,0,0,0,6,6,0,0,6,6,1,0,0,0,0,0,0,0,0
2025-02-12,1143679,Torre,TH - F3,401,0,6,0,6,4,6,0,0,0,0,0,0,0,0,0,0,0,0,0,0,0,0,0,0,0,0,0,0,0,0,4,1,0,1,4,2,0.3333333333333333,0,0,0,0,0,0,0,0
2025-02-12,1143679,Torre,TH - F4,419,0,18,0,18,16,18,0,0,0,0,0,0,0,0,0,0,0,0,0,0,0,0,0,0,0,0,0,0,0,0,14,12,0,3,14,15,0.8333333333333334,0,0,0,0,0,0,0,0
2025-02-12,1143679,Torre,TH - F5,429,0,18,0,18,16,18,0,0,0,0,0,0,0,0,0,0,0,0,0,0,0,0,0,0,0,0,0,0,0,0,8,13,5,3,13,16,0.8888888888888888,0,0,0,0,0,0,0,0
2025-02-12,1311849,Venue at North Campus,Not Selected,0,0,0,0,0,0,0,0,0,0,0,0,0,0,0,0,0,0,0,0,0,0,0,0,0,0,0,0,0,0,0,0,0,0,0,0,0,0,0,0,0,0,0,0,0,0
2025-02-12,1311849,Venue at North Campus,A,455,0,6,0,6,6,6,0,0,0,0,0,0,0,0,0,0,0,0,0,0,0,0,0,0,0,0,0,0,0,0,0,0,1,4,1,4,0.6666666666666666,0,0,0,0,0,0,0,0
2025-02-12,1311849,Venue at North Campus,B,205,0,96,0,96,93,96,0,0,0,0,1,4,1,4,2,0.020833333333333332,0,0,1,0,1,0,0,1,0,1,0,2,0,0,20,3,25,34,45,37,0.3854166666666667,0,0,0,0,0,0,0,0
2025-02-12,1311849,Venue at North Campus,D1,83.671875,0,256,0,256,222,256,0,0,0,1,4,4,0,5,4,0.015625,1,0,4,1,5,1,0.00390625,0,0,2,0,2,0,0,54,15,65,42,119,57,0.22265625,0,0,0,0,0,0,0,0
2025-02-12,1311849,Venue at North Campus,D2,91,0,64,0,64,49,64,0,0,0,0,1,1,0,1,1,0.015625,0,0,1,0,1,0,0,1,0,0,0,1,0,0,14,0,9,10,23,10,0.15625,0,0,0,0,0,0,0,0
2025-02-12,1311849,Venue at North Campus,D3,88,0,192,0,192,154,192,0,0,0,1,0,4,1,5,1,0.005208333333333333,1,0,2,0,3,0,0,1,0,3,0,4,0,0,27,6,39,37,66,43,0.22395833333333334,0,0,0,0,0,0,0,0
2025-02-12,1311849,Venue at North Campus,E,82,0,120,0,120,116,120,0,0,0,0,2,2,0,2,2,0.016666666666666666,0,0,2,0,2,0,0,0,1,2,0,2,1,0.008333333333333333,56,52,38,57,94,109,0.9083333333333333,0,0,0,0,0,0,0,0
